resource_type,link_text,url,source_page,saved_path,error
program_or_advising_worksheet,Program Worksheet - for students who started in Spring 2025 or earlier,https://www.fau.edu/engineering/eecs/pdf/ms-in-computer-science-program-worksheet-6-2025.pdf,https://www.fau.edu/engineering/eecs/graduate/ms/computer-science/courses/,DepCourseInfo\downloaded_forms_and_worksheets\ms-in-computer-science-program-worksheet-6-2025.pdf,
program_or_advising_worksheet,Program Worksheet - for Students who started in Summer 2025 or later,https://www.fau.edu/engineering/eecs/pdf/ms-cse-worksheet-new.pdf,https://www.fau.edu/engineering/eecs/graduate/ms/computer-science/courses/,DepCourseInfo\downloaded_forms_and_worksheets\ms-cse-worksheet-new.pdf,
research_dis_thesis_dissertation,Potential Conflict of Interest Disclosure,https://www.fau.edu/engineering/eecs/pdf/eecs-eac-conflict-of-interest.pdf,https://www.fau.edu/engineering/eecs/research/industry-advisory/,DepCourseInfo\downloaded_forms_and_worksheets\eecs-eac-conflict-of-interest.pdf,
syllabus,CAP 4028 Game Programming,https://www.fau.edu/engineering/eecs/undergraduate/syllabi-ce-cs/cap4028game-programming.pdf,https://www.fau.edu/engineering/eecs/undergraduate/syllabi-ce-cs/,DepCourseInfo\downloaded_forms_and_worksheets\cap4028game-programming.pdf,
syllabus,CAP 4034 Computer Animation,https://www.fau.edu/engineering/eecs/undergraduate/syllabi-ce-cs/cap4034computer-animation.pdf,https://www.fau.edu/engineering/eecs/undergraduate/syllabi-ce-cs/,DepCourseInfo\downloaded_forms_and_worksheets\cap4034computer-animation.pdf,
syllabus,CAP 4401 Digital Image Processing,https://www.fau.edu/engineering/eecs/undergraduate/syllabi-ce-cs/cap4401digital-img-processing.pdf,https://www.fau.edu/engineering/eecs/undergraduate/syllabi-ce-cs/,DepCourseInfo\downloaded_forms_and_worksheets\cap4401digital-img-processing.pdf,
syllabus,CAP 4630 Artificial Intelligence,https://www.fau.edu/engineering/eecs/undergraduate/syllabi-ce-cs/cap4630artificial-intelligence.pdf,https://www.fau.edu/engineering/eecs/undergraduate/syllabi-ce-cs/,DepCourseInfo\downloaded_forms_and_worksheets\cap4630artificial-intelligence.pdf,
syllabus,CAP 4770 Introdution Data Mining and Machine Intelligence,https://www.fau.edu/engineering/eecs/undergraduate/syllabi-ce-cs/cap4770intro-data-mining-machine-intelligence.pdf,https://www.fau.edu/engineering/eecs/undergraduate/syllabi-ce-cs/,DepCourseInfo\downloaded_forms_and_worksheets\cap4770intro-data-mining-machine-intelligence.pdf,
syllabus,CDA 3201C Introduction to Logic Design,https://www.fau.edu/engineering/eecs/undergraduate/syllabi-ce-cs/cda3201c-intro-logic-design.pdf,https://www.fau.edu/engineering/eecs/undergraduate/syllabi-ce-cs/,DepCourseInfo\downloaded_forms_and_worksheets\cda3201c-intro-logic-design.pdf,
syllabus,CDA 3331C Introduction to Microprocessor System,https://www.fau.edu/engineering/eecs/undergraduate/syllabi-ce-cs/cda3331c-intro-microprocessor-system.pdf,https://www.fau.edu/engineering/eecs/undergraduate/syllabi-ce-cs/,DepCourseInfo\downloaded_forms_and_worksheets\cda3331c-intro-microprocessor-system.pdf,
syllabus,CDA 4102 Structured Computer Architecture,https://www.fau.edu/engineering/eecs/undergraduate/syllabi-ce-cs/cda4102structured-computer-architecture.pdf,https://www.fau.edu/engineering/eecs/undergraduate/syllabi-ce-cs/,DepCourseInfo\downloaded_forms_and_worksheets\cda4102structured-computer-architecture.pdf,
syllabus,CDA 4204 CAD-Based Computer Design,https://www.fau.edu/engineering/eecs/undergraduate/syllabi-ce-cs/cda4204cad-based-computer-design.pdf,https://www.fau.edu/engineering/eecs/undergraduate/syllabi-ce-cs/,DepCourseInfo\downloaded_forms_and_worksheets\cda4204cad-based-computer-design.pdf,
syllabus,CDA 4210 Introduction to VLSI Design,https://www.fau.edu/engineering/eecs/undergraduate/syllabi-ce-cs/cda4210intro-vlsi-design.pdf,https://www.fau.edu/engineering/eecs/undergraduate/syllabi-ce-cs/,DepCourseInfo\downloaded_forms_and_worksheets\cda4210intro-vlsi-design.pdf,
syllabus,CDA 4630 Introduction to Embedded Systems,https://www.fau.edu/engineering/eecs/undergraduate/syllabi-ce-cs/cda4630intro-embedded-systems.pdf,https://www.fau.edu/engineering/eecs/undergraduate/syllabi-ce-cs/,DepCourseInfo\downloaded_forms_and_worksheets\cda4630intro-embedded-systems.pdf,
syllabus,CEN 4010 Principles of Software Engineering,https://www.fau.edu/engineering/eecs/undergraduate/syllabi-ce-cs/cen4010principles-sw-engineering.pdf,https://www.fau.edu/engineering/eecs/undergraduate/syllabi-ce-cs/,DepCourseInfo\downloaded_forms_and_worksheets\cen4010principles-sw-engineering.pdf,
syllabus,CEN 4214 Software Hardware Co-Design,https://www.fau.edu/engineering/eecs/undergraduate/syllabi-ce-cs/cen4214sw-hw-co-design.pdf,https://www.fau.edu/engineering/eecs/undergraduate/syllabi-ce-cs/,DepCourseInfo\downloaded_forms_and_worksheets\cen4214sw-hw-co-design.pdf,
syllabus,CEN 4400 Introduction to Computer Systems Performance Evaluation,https://www.fau.edu/engineering/eecs/undergraduate/syllabi-ce-cs/cen4400intro-computersystems-perf-eval.pdf,https://www.fau.edu/engineering/eecs/undergraduate/syllabi-ce-cs/,DepCourseInfo\downloaded_forms_and_worksheets\cen4400intro-computersystems-perf-eval.pdf,
syllabus,CGS 1570 Computer Applications 1,https://www.fau.edu/engineering/eecs/undergraduate/syllabi-ce-cs/cgs1570computer-apps1.pdf,https://www.fau.edu/engineering/eecs/undergraduate/syllabi-ce-cs/,DepCourseInfo\downloaded_forms_and_worksheets\cgs1570computer-apps1.pdf,
syllabus,CGS 1571 Computer Applications 2,https://www.fau.edu/engineering/eecs/undergraduate/syllabi-ce-cs/cgs1571computer-app2.pdf,https://www.fau.edu/engineering/eecs/undergraduate/syllabi-ce-cs/,DepCourseInfo\downloaded_forms_and_worksheets\cgs1571computer-app2.pdf,
syllabus,CNT 4104 Introduction to Data Communications,https://www.fau.edu/engineering/eecs/undergraduate/syllabi-ce-cs/cnt4104intro-data-comm.pdf,https://www.fau.edu/engineering/eecs/undergraduate/syllabi-ce-cs/,DepCourseInfo\downloaded_forms_and_worksheets\cnt4104intro-data-comm.pdf,
syllabus,CNT 4403 Introduction to Data and Network Security,https://www.fau.edu/engineering/eecs/undergraduate/syllabi-ce-cs/cnt4403intro-data-network-security.pdf,https://www.fau.edu/engineering/eecs/undergraduate/syllabi-ce-cs/,DepCourseInfo\downloaded_forms_and_worksheets\cnt4403intro-data-network-security.pdf,
syllabus,COP 2220 Introduction to Programming in C,https://www.fau.edu/engineering/eecs/undergraduate/syllabi-ce-cs/cop2220intro-programming-c.pdf,https://www.fau.edu/engineering/eecs/undergraduate/syllabi-ce-cs/,DepCourseInfo\downloaded_forms_and_worksheets\cop2220intro-programming-c.pdf,
syllabus,COP 3014 Foundations of Computer Science,https://www.fau.edu/engineering/eecs/undergraduate/syllabi-ce-cs/cop3014foundations-cs.pdf,https://www.fau.edu/engineering/eecs/undergraduate/syllabi-ce-cs/,DepCourseInfo\downloaded_forms_and_worksheets\cop3014foundations-cs.pdf,
syllabus,COP 3014L Foundation of Computer Science Lab,https://www.fau.edu/engineering/eecs/undergraduate/syllabi-ce-cs/cop3014l-foundationcs-lab.pdf,https://www.fau.edu/engineering/eecs/undergraduate/syllabi-ce-cs/,DepCourseInfo\downloaded_forms_and_worksheets\cop3014l-foundationcs-lab.pdf,
syllabus,COP 3530 Data Structures and Algorithm Analysis,https://www.fau.edu/engineering/eecs/undergraduate/syllabi-ce-cs/cop3530data-structures-algorithm-analysis.pdf,https://www.fau.edu/engineering/eecs/undergraduate/syllabi-ce-cs/,DepCourseInfo\downloaded_forms_and_worksheets\cop3530data-structures-algorithm-analysis.pdf,
syllabus,COP 3540 Introduction to Database Structures,https://www.fau.edu/engineering/eecs/undergraduate/syllabi-ce-cs/cop3540intro-database-structures.pdf,https://www.fau.edu/engineering/eecs/undergraduate/syllabi-ce-cs/,DepCourseInfo\downloaded_forms_and_worksheets\cop3540intro-database-structures.pdf,
syllabus,COP 3813 Introduction to Internet Computing,https://www.fau.edu/engineering/eecs/undergraduate/syllabi-ce-cs/cop3813intro-internet-computing.pdf,https://www.fau.edu/engineering/eecs/undergraduate/syllabi-ce-cs/,DepCourseInfo\downloaded_forms_and_worksheets\cop3813intro-internet-computing.pdf,
syllabus,COP 4020 Programming Languages,https://www.fau.edu/engineering/eecs/undergraduate/syllabi-ce-cs/cop4020programming-languages.pdf,https://www.fau.edu/engineering/eecs/undergraduate/syllabi-ce-cs/,DepCourseInfo\downloaded_forms_and_worksheets\cop4020programming-languages.pdf,
syllabus,COP 4045 Python Programming,https://www.fau.edu/engineering/eecs/undergraduate/syllabi-ce-cs/cop4045python-programming.pdf,https://www.fau.edu/engineering/eecs/undergraduate/syllabi-ce-cs/,DepCourseInfo\downloaded_forms_and_worksheets\cop4045python-programming.pdf,
syllabus,COP 4331 Object Oriented Design and Programming,https://www.fau.edu/engineering/eecs/undergraduate/syllabi-ce-cs/cop4331object-oriented-design.pdf,https://www.fau.edu/engineering/eecs/undergraduate/syllabi-ce-cs/,DepCourseInfo\downloaded_forms_and_worksheets\cop4331object-oriented-design.pdf,
syllabus,COP 4367 Graphical Application Development,https://www.fau.edu/engineering/eecs/undergraduate/syllabi-ce-cs/cop4367graphical-app-dev.pdf,https://www.fau.edu/engineering/eecs/undergraduate/syllabi-ce-cs/,DepCourseInfo\downloaded_forms_and_worksheets\cop4367graphical-app-dev.pdf,
syllabus,COP 4593 Component Programming with .NET,https://www.fau.edu/engineering/eecs/undergraduate/syllabi-ce-cs/cop4593comp-programming.pdf,https://www.fau.edu/engineering/eecs/undergraduate/syllabi-ce-cs/,DepCourseInfo\downloaded_forms_and_worksheets\cop4593comp-programming.pdf,
syllabus,COP 4610 Computer Operating Systems,https://www.fau.edu/engineering/eecs/undergraduate/syllabi-ce-cs/cop4610computer-op-systems.pdf,https://www.fau.edu/engineering/eecs/undergraduate/syllabi-ce-cs/,DepCourseInfo\downloaded_forms_and_worksheets\cop4610computer-op-systems.pdf,
syllabus,COP 4703 Applied Database Systems,https://www.fau.edu/engineering/eecs/undergraduate/syllabi-ce-cs/cop4703applied-database-systems.pdf,https://www.fau.edu/engineering/eecs/undergraduate/syllabi-ce-cs/,DepCourseInfo\downloaded_forms_and_worksheets\cop4703applied-database-systems.pdf,
syllabus,COP 4814 Web Services,https://www.fau.edu/engineering/eecs/undergraduate/syllabi-ce-cs/cop4814web-services.pdf,https://www.fau.edu/engineering/eecs/undergraduate/syllabi-ce-cs/,DepCourseInfo\downloaded_forms_and_worksheets\cop4814web-services.pdf,
syllabus,COP 4854 Cutting-Edge Web Technologies,https://www.fau.edu/engineering/eecs/undergraduate/syllabi-ce-cs/cop4854cutting-edge-web-technologies.pdf,https://www.fau.edu/engineering/eecs/undergraduate/syllabi-ce-cs/,DepCourseInfo\downloaded_forms_and_worksheets\cop4854cutting-edge-web-technologies.pdf,
syllabus,COT 4400 Design and Analysis of Algorithms,https://www.fau.edu/engineering/eecs/undergraduate/syllabi-ce-cs/cot4400design-analysis-algorithms.pdf,https://www.fau.edu/engineering/eecs/undergraduate/syllabi-ce-cs/,DepCourseInfo\downloaded_forms_and_worksheets\cot4400design-analysis-algorithms.pdf,
syllabus,COT 4420 Formal Languages and Automata Theory,https://www.fau.edu/engineering/eecs/undergraduate/syllabi-ce-cs/cot4420formal-languages.pdf,https://www.fau.edu/engineering/eecs/undergraduate/syllabi-ce-cs/,DepCourseInfo\downloaded_forms_and_worksheets\cot4420formal-languages.pdf,
syllabus,COT 4930 Applied Cryptography,https://www.fau.edu/engineering/eecs/undergraduate/syllabi-ce-cs/cot4930applied-cryptography.pdf,https://www.fau.edu/engineering/eecs/undergraduate/syllabi-ce-cs/,DepCourseInfo\downloaded_forms_and_worksheets\cot4930applied-cryptography.pdf,
syllabus,COT 4930 Cryptographic Engineering,https://www.fau.edu/engineering/eecs/undergraduate/syllabi-ce-cs/cot4930cryptographic-eng.pdf,https://www.fau.edu/engineering/eecs/undergraduate/syllabi-ce-cs/,DepCourseInfo\downloaded_forms_and_worksheets\cot4930cryptographic-eng.pdf,
syllabus,COT 4930 Introduction to Security and Cryptography,https://www.fau.edu/engineering/eecs/undergraduate/syllabi-ce-cs/cot4930intro-security-cryptography.pdf,https://www.fau.edu/engineering/eecs/undergraduate/syllabi-ce-cs/,DepCourseInfo\downloaded_forms_and_worksheets\cot4930intro-security-cryptography.pdf,
syllabus,COT 4930 Randomized Algorithms,https://www.fau.edu/engineering/eecs/undergraduate/syllabi-ce-cs/cot4930randomized-algorithms.pdf,https://www.fau.edu/engineering/eecs/undergraduate/syllabi-ce-cs/,DepCourseInfo\downloaded_forms_and_worksheets\cot4930randomized-algorithms.pdf,
syllabus,COT 4935 Senior Seminar,https://www.fau.edu/engineering/eecs/undergraduate/syllabi-ce-cs/cot4935sr-seminar.pdf,https://www.fau.edu/engineering/eecs/undergraduate/syllabi-ce-cs/,DepCourseInfo\downloaded_forms_and_worksheets\cot4935sr-seminar.pdf,
syllabus,EGN 4410C Engineering Design I,https://www.fau.edu/engineering/eecs/undergraduate/syllabi-ce-cs/egn4410c-eng-design1.pdf,https://www.fau.edu/engineering/eecs/undergraduate/syllabi-ce-cs/,DepCourseInfo\downloaded_forms_and_worksheets\egn4410c-eng-design1.pdf,
syllabus,EGN 4411C Engineering Design II,https://www.fau.edu/engineering/eecs/undergraduate/syllabi-ce-cs/egn4411c-eng-design2.pdf,https://www.fau.edu/engineering/eecs/undergraduate/syllabi-ce-cs/,DepCourseInfo\downloaded_forms_and_worksheets\egn4411c-eng-design2.pdf,
syllabus,MAP 4260 Introduction to Queueing Theory,https://www.fau.edu/engineering/eecs/undergraduate/syllabi-ce-cs/map4260intro-queueing-theory.pdf,https://www.fau.edu/engineering/eecs/undergraduate/syllabi-ce-cs/,DepCourseInfo\downloaded_forms_and_worksheets\map4260intro-queueing-theory.pdf,
syllabus,STA 4821 Stochastic Models for Computer Science,https://www.fau.edu/engineering/eecs/undergraduate/syllabi-ce-cs/sta4821stochastic-models-cs.pdf,https://www.fau.edu/engineering/eecs/undergraduate/syllabi-ce-cs/,DepCourseInfo\downloaded_forms_and_worksheets\sta4821stochastic-models-cs.pdf,
syllabus,EEE 3300 Electronics 1,https://www.fau.edu/engineering/eecs/undergraduate/syllabi-ee/eee3300electronics1.pdf,https://www.fau.edu/engineering/eecs/undergraduate/syllabi-ee/,DepCourseInfo\downloaded_forms_and_worksheets\eee3300electronics1.pdf,
syllabus,EEE 4360C High Frequency Amplifiers,https://www.fau.edu/engineering/eecs/undergraduate/syllabi-ee/eee4360c-high-frequency-amplifiers.pdf,https://www.fau.edu/engineering/eecs/undergraduate/syllabi-ee/,DepCourseInfo\downloaded_forms_and_worksheets\eee4360c-high-frequency-amplifiers.pdf,
syllabus,EEE 4361 Electronics 2,https://www.fau.edu/engineering/eecs/undergraduate/syllabi-ee/eee4361electronics2.pdf,https://www.fau.edu/engineering/eecs/undergraduate/syllabi-ee/,DepCourseInfo\downloaded_forms_and_worksheets\eee4361electronics2.pdf,
syllabus,EEE 4434 Nanobiotechnology,https://www.fau.edu/engineering/eecs/undergraduate/syllabi-ee/eee4434nanobiotechnology.pdf,https://www.fau.edu/engineering/eecs/undergraduate/syllabi-ee/,DepCourseInfo\downloaded_forms_and_worksheets\eee4434nanobiotechnology.pdf,
syllabus,EEE 4510 Introduction to Digital Signal Processing,https://www.fau.edu/engineering/eecs/undergraduate/syllabi-ee/eee4510digital-signal-processing.pdf,https://www.fau.edu/engineering/eecs/undergraduate/syllabi-ee/,DepCourseInfo\downloaded_forms_and_worksheets\eee4510digital-signal-processing.pdf,
syllabus,EEE 4541 Stochastic Processes and Random Signals,https://www.fau.edu/engineering/eecs/undergraduate/syllabi-ee/eee4541stochastic-processes.pdf,https://www.fau.edu/engineering/eecs/undergraduate/syllabi-ee/,DepCourseInfo\downloaded_forms_and_worksheets\eee4541stochastic-processes.pdf,
syllabus,EEL 2161 C for Engineers,https://www.fau.edu/engineering/eecs/undergraduate/syllabi-ee/eel2161c-engineers.pdf,https://www.fau.edu/engineering/eecs/undergraduate/syllabi-ee/,DepCourseInfo\downloaded_forms_and_worksheets\eel2161c-engineers.pdf,
syllabus,EEL 3012 Electrical Engineering Practice,https://www.fau.edu/engineering/eecs/undergraduate/syllabi-ee/eel3012ee-practice.pdf,https://www.fau.edu/engineering/eecs/undergraduate/syllabi-ee/,DepCourseInfo\downloaded_forms_and_worksheets\eel3012ee-practice.pdf,
syllabus,EEL 3111 Circuits 1,https://www.fau.edu/engineering/eecs/undergraduate/syllabi-ee/eel3111circuits1.pdf,https://www.fau.edu/engineering/eecs/undergraduate/syllabi-ee/,DepCourseInfo\downloaded_forms_and_worksheets\eel3111circuits1.pdf,
syllabus,EEL 3112 Circuits 2,https://www.fau.edu/engineering/eecs/undergraduate/syllabi-ee/eel3112circuits2.pdf,https://www.fau.edu/engineering/eecs/undergraduate/syllabi-ee/,DepCourseInfo\downloaded_forms_and_worksheets\eel3112circuits2.pdf,
syllabus,EEL 3118L Lab 1,https://www.fau.edu/engineering/eecs/undergraduate/syllabi-ee/eel3118l-lab1.pdf,https://www.fau.edu/engineering/eecs/undergraduate/syllabi-ee/,DepCourseInfo\downloaded_forms_and_worksheets\eel3118l-lab1.pdf,
syllabus,EEL 3470 Electromagnetic Field and Waves,https://www.fau.edu/engineering/eecs/undergraduate/syllabi-ee/eel3470electromagnetic.pdf,https://www.fau.edu/engineering/eecs/undergraduate/syllabi-ee/,DepCourseInfo\downloaded_forms_and_worksheets\eel3470electromagnetic.pdf,
syllabus,EEL 4119L Lab 2,https://www.fau.edu/engineering/eecs/undergraduate/syllabi-ee/eel4119l-lab2.pdf,https://www.fau.edu/engineering/eecs/undergraduate/syllabi-ee/,DepCourseInfo\downloaded_forms_and_worksheets\eel4119l-lab2.pdf,
syllabus,EEL 4216 Electric Power Systems,https://www.fau.edu/engineering/eecs/undergraduate/syllabi-ee/eel4216electric-power-systems.pdf,https://www.fau.edu/engineering/eecs/undergraduate/syllabi-ee/,DepCourseInfo\downloaded_forms_and_worksheets\eel4216electric-power-systems.pdf,
syllabus,EEL 4220 Electrical Machines,https://www.fau.edu/engineering/eecs/undergraduate/syllabi-ee/eel4220electrical-machines.pdf,https://www.fau.edu/engineering/eecs/undergraduate/syllabi-ee/,DepCourseInfo\downloaded_forms_and_worksheets\eel4220electrical-machines.pdf,
syllabus,EEL 4281 Photovoltaic Power Systems,https://www.fau.edu/engineering/eecs/undergraduate/syllabi-ee/eel4281photovoltaic-power.pdf,https://www.fau.edu/engineering/eecs/undergraduate/syllabi-ee/,DepCourseInfo\downloaded_forms_and_worksheets\eel4281photovoltaic-power.pdf,
syllabus,EEL 4421C RF Devices and Circuits,https://www.fau.edu/engineering/eecs/undergraduate/syllabi-ee/eel4421c-rf-devices-circuits.pdf,https://www.fau.edu/engineering/eecs/undergraduate/syllabi-ee/,DepCourseInfo\downloaded_forms_and_worksheets\eel4421c-rf-devices-circuits.pdf,
syllabus,EEL 4433C RF and Microwave Laboratory,https://www.fau.edu/engineering/eecs/undergraduate/syllabi-ee/eel4433c-rf-microwave-laboratory.pdf,https://www.fau.edu/engineering/eecs/undergraduate/syllabi-ee/,DepCourseInfo\downloaded_forms_and_worksheets\eel4433c-rf-microwave-laboratory.pdf,
syllabus,EEL 4436 Microwave Engineering,https://www.fau.edu/engineering/eecs/undergraduate/syllabi-ee/eel4436microwave-engineering.pdf,https://www.fau.edu/engineering/eecs/undergraduate/syllabi-ee/,DepCourseInfo\downloaded_forms_and_worksheets\eel4436microwave-engineering.pdf,
syllabus,EEL 4461 Introduction to Antenna Theory,https://www.fau.edu/engineering/eecs/undergraduate/syllabi-ee/eel4461intro-antenna.pdf,https://www.fau.edu/engineering/eecs/undergraduate/syllabi-ee/,DepCourseInfo\downloaded_forms_and_worksheets\eel4461intro-antenna.pdf,
syllabus,EEL 4478 Electromagnetic Compatibility,https://www.fau.edu/engineering/eecs/undergraduate/syllabi-ee/eel4478electromagnetic.pdf,https://www.fau.edu/engineering/eecs/undergraduate/syllabi-ee/,DepCourseInfo\downloaded_forms_and_worksheets\eel4478electromagnetic.pdf,
syllabus,EEL 4510 Introduction to Digital Signal Processing,https://www.fau.edu/engineering/eecs/undergraduate/syllabi-ee/eel4510intro-digital-signal-processing.pdf,https://www.fau.edu/engineering/eecs/undergraduate/syllabi-ee/,DepCourseInfo\downloaded_forms_and_worksheets\eel4510intro-digital-signal-processing.pdf,
syllabus,EEL 4512 Communication Systems,https://www.fau.edu/engineering/eecs/undergraduate/syllabi-ee/eel4512comm-systems.pdf,https://www.fau.edu/engineering/eecs/undergraduate/syllabi-ee/,DepCourseInfo\downloaded_forms_and_worksheets\eel4512comm-systems.pdf,
syllabus,EEL 4512L Communication Systems Lab,https://www.fau.edu/engineering/eecs/undergraduate/syllabi-ee/eel4512l-comm-systems-lab.pdf,https://www.fau.edu/engineering/eecs/undergraduate/syllabi-ee/,DepCourseInfo\downloaded_forms_and_worksheets\eel4512l-comm-systems-lab.pdf,
syllabus,EEL 4652 Control Systems 1,https://www.fau.edu/engineering/eecs/undergraduate/syllabi-ee/eel4652control-systems1.pdf,https://www.fau.edu/engineering/eecs/undergraduate/syllabi-ee/,DepCourseInfo\downloaded_forms_and_worksheets\eel4652control-systems1.pdf,
syllabus,EEL 4652L Control Systems Lab,https://www.fau.edu/engineering/eecs/undergraduate/syllabi-ee/eel4652l-control-systems-lab.pdf,https://www.fau.edu/engineering/eecs/undergraduate/syllabi-ee/,DepCourseInfo\downloaded_forms_and_worksheets\eel4652l-control-systems-lab.pdf,
syllabus,EEL 4656 Analysis of Linear Systems,https://www.fau.edu/engineering/eecs/undergraduate/syllabi-ee/eel4656analysis-linear-systems.pdf,https://www.fau.edu/engineering/eecs/undergraduate/syllabi-ee/,DepCourseInfo\downloaded_forms_and_worksheets\eel4656analysis-linear-systems.pdf,
syllabus,EEL 4746 Introduction to Microcontrollers and Lab,https://www.fau.edu/engineering/eecs/undergraduate/syllabi-ee/eel4746intro-microcontrollers-and-lab.pdf,https://www.fau.edu/engineering/eecs/undergraduate/syllabi-ee/,DepCourseInfo\downloaded_forms_and_worksheets\eel4746intro-microcontrollers-and-lab.pdf,
syllabus,EEL 4930 Innovative Product Design,https://www.fau.edu/engineering/eecs/undergraduate/syllabi-ee/eel4930innovative-product.pdf,https://www.fau.edu/engineering/eecs/undergraduate/syllabi-ee/,DepCourseInfo\downloaded_forms_and_worksheets\eel4930innovative-product.pdf,
syllabus,EEL 4930 Renewable Energy Systems,https://www.fau.edu/engineering/eecs/undergraduate/syllabi-ee/eel4930renewable-energy.pdf,https://www.fau.edu/engineering/eecs/undergraduate/syllabi-ee/,DepCourseInfo\downloaded_forms_and_worksheets\eel4930renewable-energy.pdf,
syllabus,EEL 4930 Silicon IC Fabrication,https://www.fau.edu/engineering/eecs/undergraduate/syllabi-ee/eel4930silicon-ic-fab.pdf,https://www.fau.edu/engineering/eecs/undergraduate/syllabi-ee/,DepCourseInfo\downloaded_forms_and_worksheets\eel4930silicon-ic-fab.pdf,
syllabus,EGN 1002 Fundamentals of Engineering,https://www.fau.edu/engineering/eecs/undergraduate/syllabi-ee/egn1002fundamentals.pdf,https://www.fau.edu/engineering/eecs/undergraduate/syllabi-ee/,DepCourseInfo\downloaded_forms_and_worksheets\egn1002fundamentals.pdf,
syllabus,EGN 4410C Engineering Design I,https://www.fau.edu/engineering/eecs/undergraduate/syllabi-ee/egn4410c-engineering-design1.pdf,https://www.fau.edu/engineering/eecs/undergraduate/syllabi-ee/,DepCourseInfo\downloaded_forms_and_worksheets\egn4410c-engineering-design1.pdf,
syllabus,EGN 4411C Engineering Design II,https://www.fau.edu/engineering/eecs/undergraduate/syllabi-ee/egn4411c-engineering-design2.pdf,https://www.fau.edu/engineering/eecs/undergraduate/syllabi-ee/,DepCourseInfo\downloaded_forms_and_worksheets\egn4411c-engineering-design2.pdf,
syllabus,"ETG 2831 Nature: Intersections of Science, Engineering and the Humanities",https://www.fau.edu/engineering/eecs/undergraduate/syllabi-ee/etg2831nature-intersections-of-science-engineering-humanities.pdf,https://www.fau.edu/engineering/eecs/undergraduate/syllabi-ee/,DepCourseInfo\downloaded_forms_and_worksheets\etg2831nature-intersections-of-science-engineering-humanities.pdf,
syllabus,CAP 5615 Introduction to Neural Networks,https://www.fau.edu/engineering/eecs/graduate/syllabi-ce-cs/pdf/cap5615intro-neural-networks.pdf,https://www.fau.edu/engineering/eecs/graduate/syllabi-ce-cs/,DepCourseInfo\downloaded_forms_and_worksheets\cap5615intro-neural-networks.pdf,
syllabus,CAP 5625 Computational Foundations of Artificial Intelligence,https://www.fau.edu/engineering/eecs/graduate/syllabi-ce-cs/pdf/cap5625computational-foundations-of-artificial-intelligence.pdf,https://www.fau.edu/engineering/eecs/graduate/syllabi-ce-cs/,DepCourseInfo\downloaded_forms_and_worksheets\cap5625computational-foundations-of-artificial-intelligence.pdf,
syllabus,CAP 5768 Introduction to Data Science,https://www.fau.edu/engineering/eecs/graduate/syllabi-ce-cs/pdf/cap5768introduction-to-data-science.pdf,https://www.fau.edu/engineering/eecs/graduate/syllabi-ce-cs/,DepCourseInfo\downloaded_forms_and_worksheets\cap5768introduction-to-data-science.pdf,
syllabus,CAP 6010 Multimedia Systems,https://www.fau.edu/engineering/eecs/graduate/syllabi-ce-cs/pdf/cap6010multimedia-systems.pdf,https://www.fau.edu/engineering/eecs/graduate/syllabi-ce-cs/,DepCourseInfo\downloaded_forms_and_worksheets\cap6010multimedia-systems.pdf,
syllabus,CAP 6018 Multimedia Programming,https://www.fau.edu/engineering/eecs/graduate/syllabi-ce-cs/pdf/cap6018multimedia-programming.pdf,https://www.fau.edu/engineering/eecs/graduate/syllabi-ce-cs/,DepCourseInfo\downloaded_forms_and_worksheets\cap6018multimedia-programming.pdf,
syllabus,CAP 6315 Social Networks and Big Data Analytics,https://www.fau.edu/engineering/eecs/graduate/syllabi-ce-cs/pdf/cap6315social-networks-big-data-analytics.pdf,https://www.fau.edu/engineering/eecs/graduate/syllabi-ce-cs/,DepCourseInfo\downloaded_forms_and_worksheets\cap6315social-networks-big-data-analytics.pdf,
syllabus,CAP 6411 Foundations of Vision,https://www.fau.edu/engineering/eecs/graduate/syllabi-ce-cs/pdf/cap6411foundations-vision.pdf,https://www.fau.edu/engineering/eecs/graduate/syllabi-ce-cs/,DepCourseInfo\downloaded_forms_and_worksheets\cap6411foundations-vision.pdf,
syllabus,CAP 6546 Data Mining for Bioinformatics,https://www.fau.edu/engineering/eecs/graduate/syllabi-ce-cs/pdf/cap6546Data-mining-for-bioinformatics.pdf,https://www.fau.edu/engineering/eecs/graduate/syllabi-ce-cs/,DepCourseInfo\downloaded_forms_and_worksheets\cap6546Data-mining-for-bioinformatics.pdf,
syllabus,CAP 6610 Applied Machine Learning,https://www.fau.edu/engineering/eecs/graduate/syllabi-ce-cs/pdf/cap-6610-applied-machine-learning.pdf,https://www.fau.edu/engineering/eecs/graduate/syllabi-ce-cs/,DepCourseInfo\downloaded_forms_and_worksheets\cap-6610-applied-machine-learning.pdf,
syllabus,CAP 6617 Sparse Learning,https://www.fau.edu/engineering/eecs/graduate/syllabi-ce-cs/pdf/cap6617sparse-learning.pdf,https://www.fau.edu/engineering/eecs/graduate/syllabi-ce-cs/,DepCourseInfo\downloaded_forms_and_worksheets\cap6617sparse-learning.pdf,
syllabus,CAP 6618 Machine Learning for Computer Vision,https://www.fau.edu/engineering/eecs/graduate/syllabi-ce-cs/pdf/cap6618machine-learning-computer-vision.pdf,https://www.fau.edu/engineering/eecs/graduate/syllabi-ce-cs/,DepCourseInfo\downloaded_forms_and_worksheets\cap6618machine-learning-computer-vision.pdf,
syllabus,CAP 6619 Deep Learning,https://www.fau.edu/engineering/eecs/graduate/syllabi-ce-cs/pdf/cap6619deep-learning.pdf,https://www.fau.edu/engineering/eecs/graduate/syllabi-ce-cs/,DepCourseInfo\downloaded_forms_and_worksheets\cap6619deep-learning.pdf,
syllabus,CAP 6635 Artificial Intelligence,https://www.fau.edu/engineering/eecs/graduate/syllabi-ce-cs/pdf/cap6635artificial-intelligence.pdf,https://www.fau.edu/engineering/eecs/graduate/syllabi-ce-cs/,DepCourseInfo\downloaded_forms_and_worksheets\cap6635artificial-intelligence.pdf,
syllabus,CAP 6640 Natural Language Processing,https://www.fau.edu/engineering/eecs/graduate/syllabi-ce-cs/pdf/cap6640natural-language-processing.pdf,https://www.fau.edu/engineering/eecs/graduate/syllabi-ce-cs/,DepCourseInfo\downloaded_forms_and_worksheets\cap6640natural-language-processing.pdf,
syllabus,CAP 6673 Data Mining and Machine Learning,https://www.fau.edu/engineering/eecs/graduate/syllabi-ce-cs/pdf/cap6673data-mining-machine-learning.pdf,https://www.fau.edu/engineering/eecs/graduate/syllabi-ce-cs/,DepCourseInfo\downloaded_forms_and_worksheets\cap6673data-mining-machine-learning.pdf,
syllabus,CAP 6776 Information Retrieval,https://www.fau.edu/engineering/eecs/graduate/syllabi-ce-cs/pdf/cap6776information-retrieval.pdf,https://www.fau.edu/engineering/eecs/graduate/syllabi-ce-cs/,DepCourseInfo\downloaded_forms_and_worksheets\cap6776information-retrieval.pdf,
syllabus,CAP 6777 Web Mining,https://www.fau.edu/engineering/eecs/graduate/syllabi-ce-cs/pdf/cap6777web-mining.pdf,https://www.fau.edu/engineering/eecs/graduate/syllabi-ce-cs/,DepCourseInfo\downloaded_forms_and_worksheets\cap6777web-mining.pdf,
syllabus,CAP 6778 Advanced Data Mining and Machine Learning,https://www.fau.edu/engineering/eecs/graduate/syllabi-ce-cs/pdf/cap6778adv-data-mining-machine-learning.pdf,https://www.fau.edu/engineering/eecs/graduate/syllabi-ce-cs/,DepCourseInfo\downloaded_forms_and_worksheets\cap6778adv-data-mining-machine-learning.pdf,
syllabus,CAP 6780 Big Data Analytics with Hadoop,https://www.fau.edu/engineering/eecs/graduate/syllabi-ce-cs/pdf/cap6780big-data-analytics.pdf,https://www.fau.edu/engineering/eecs/graduate/syllabi-ce-cs/,DepCourseInfo\downloaded_forms_and_worksheets\cap6780big-data-analytics.pdf,
syllabus,CAP 6807 Computational Advertising and Real-Time Data Analytics,https://www.fau.edu/engineering/eecs/graduate/syllabi-ce-cs/pdf/cap6807computational-adv.pdf,https://www.fau.edu/engineering/eecs/graduate/syllabi-ce-cs/,DepCourseInfo\downloaded_forms_and_worksheets\cap6807computational-adv.pdf,
syllabus,CDA 5326 Cryptographic Engineering,https://www.fau.edu/engineering/eecs/graduate/syllabi-ce-cs/pdf/cda5326cryptographic-eng.pdf,https://www.fau.edu/engineering/eecs/graduate/syllabi-ce-cs/,DepCourseInfo\downloaded_forms_and_worksheets\cda5326cryptographic-eng.pdf,
syllabus,CDA 6122 Evaluation of Parallel and Distributed Systems,https://www.fau.edu/engineering/eecs/graduate/syllabi-ce-cs/pdf/cda6122eval-parallel-dist-systs.pdf,https://www.fau.edu/engineering/eecs/graduate/syllabi-ce-cs/,DepCourseInfo\downloaded_forms_and_worksheets\cda6122eval-parallel-dist-systs.pdf,
syllabus,CDA 6132 Multiprocessor Architecture,https://www.fau.edu/engineering/eecs/graduate/syllabi-ce-cs/pdf/cda6132multip-architecture.pdf,https://www.fau.edu/engineering/eecs/graduate/syllabi-ce-cs/,DepCourseInfo\downloaded_forms_and_worksheets\cda6132multip-architecture.pdf,
syllabus,CDA 6214 Structured VLSI Design,https://www.fau.edu/engineering/eecs/graduate/syllabi-ce-cs/pdf/cda6214structured-vlsi-design.pdf,https://www.fau.edu/engineering/eecs/graduate/syllabi-ce-cs/,DepCourseInfo\downloaded_forms_and_worksheets\cda6214structured-vlsi-design.pdf,
syllabus,CDA 6316 Embedded Systems Design,https://www.fau.edu/engineering/eecs/graduate/syllabi-ce-cs/pdf/cda6316embedded-systems-design.pdf,https://www.fau.edu/engineering/eecs/graduate/syllabi-ce-cs/,DepCourseInfo\downloaded_forms_and_worksheets\cda6316embedded-systems-design.pdf,
syllabus,CEN 5035 Software Engineering,https://www.fau.edu/engineering/eecs/graduate/syllabi-ce-cs/pdf/cen5035sw-eng.pdf,https://www.fau.edu/engineering/eecs/graduate/syllabi-ce-cs/,DepCourseInfo\downloaded_forms_and_worksheets\cen5035sw-eng.pdf,
syllabus,CEN 5086 Cloud Computing,https://www.fau.edu/engineering/eecs/graduate/syllabi-ce-cs/pdf/cen5086cloud-computing.pdf,https://www.fau.edu/engineering/eecs/graduate/syllabi-ce-cs/,DepCourseInfo\downloaded_forms_and_worksheets\cen5086cloud-computing.pdf,
syllabus,CEN 6027 Software Maintenance and Evolution,https://www.fau.edu/engineering/eecs/graduate/syllabi-ce-cs/pdf/cen6027sw-maint-evolution.pdf,https://www.fau.edu/engineering/eecs/graduate/syllabi-ce-cs/,DepCourseInfo\downloaded_forms_and_worksheets\cen6027sw-maint-evolution.pdf,
syllabus,CEN 6075 Software Requirements Engineering,https://www.fau.edu/engineering/eecs/graduate/syllabi-ce-cs/pdf/cen6075sw-reqs-eng.pdf,https://www.fau.edu/engineering/eecs/graduate/syllabi-ce-cs/,DepCourseInfo\downloaded_forms_and_worksheets\cen6075sw-reqs-eng.pdf,
syllabus,CEN 6076 Software Testing,https://www.fau.edu/engineering/eecs/graduate/syllabi-ce-cs/pdf/cen6076sw-testing.pdf,https://www.fau.edu/engineering/eecs/graduate/syllabi-ce-cs/,DepCourseInfo\downloaded_forms_and_worksheets\cen6076sw-testing.pdf,
syllabus,CEN 6085 Software Architecture and Patterns,https://www.fau.edu/engineering/eecs/graduate/syllabi-ce-cs/pdf/cen6085sw-architecture-patterns.pdf,https://www.fau.edu/engineering/eecs/graduate/syllabi-ce-cs/,DepCourseInfo\downloaded_forms_and_worksheets\cen6085sw-architecture-patterns.pdf,
syllabus,CEN 6405 Computer Performance Modeling,https://www.fau.edu/engineering/eecs/graduate/syllabi-ce-cs/pdf/cen6405computer-perf-modeling.pdf,https://www.fau.edu/engineering/eecs/graduate/syllabi-ce-cs/,DepCourseInfo\downloaded_forms_and_worksheets\cen6405computer-perf-modeling.pdf,
syllabus,CGS 5937 Graduate Seminar,https://www.fau.edu/engineering/eecs/graduate/syllabi-ce-cs/pdf/cgs5937graduate-seminar.pdf,https://www.fau.edu/engineering/eecs/graduate/syllabi-ce-cs/,DepCourseInfo\downloaded_forms_and_worksheets\cgs5937graduate-seminar.pdf,
syllabus,CIS 5371 Practical Aspects of Modern Cryptography,https://www.fau.edu/engineering/eecs/graduate/syllabi-ce-cs/pdf/cis5371practical-aspects-modern-cryptography.pdf,https://www.fau.edu/engineering/eecs/graduate/syllabi-ce-cs/,DepCourseInfo\downloaded_forms_and_worksheets\cis5371practical-aspects-modern-cryptography.pdf,
syllabus,CIS 6370 Computer Data Security,https://www.fau.edu/engineering/eecs/graduate/syllabi-ce-cs/pdf/cis6370computer-data-security.pdf,https://www.fau.edu/engineering/eecs/graduate/syllabi-ce-cs/,DepCourseInfo\downloaded_forms_and_worksheets\cis6370computer-data-security.pdf,
syllabus,CIS 6375 Distributed Systems Security,https://www.fau.edu/engineering/eecs/graduate/syllabi-ce-cs/pdf/cis6375distributed-systems-security.pdf,https://www.fau.edu/engineering/eecs/graduate/syllabi-ce-cs/,DepCourseInfo\downloaded_forms_and_worksheets\cis6375distributed-systems-security.pdf,
syllabus,CNT 5008 Computer Networks,https://www.fau.edu/engineering/eecs/graduate/syllabi-ce-cs/pdf/cnt5008computer-networks.pdf,https://www.fau.edu/engineering/eecs/graduate/syllabi-ce-cs/,DepCourseInfo\downloaded_forms_and_worksheets\cnt5008computer-networks.pdf,
syllabus,CNT 5109 Sensor Networks and Smart Systems,https://www.fau.edu/engineering/eecs/graduate/syllabi-ce-cs/pdf/cnt5109sensor-networks.pdf,https://www.fau.edu/engineering/eecs/graduate/syllabi-ce-cs/,DepCourseInfo\downloaded_forms_and_worksheets\cnt5109sensor-networks.pdf,
syllabus,CNT 6108 Embedded Network Sensor Systems,https://www.fau.edu/engineering/eecs/graduate/syllabi-ce-cs/pdf/cnt6108embedded-network-sensor-syst.pdf,https://www.fau.edu/engineering/eecs/graduate/syllabi-ce-cs/,DepCourseInfo\downloaded_forms_and_worksheets\cnt6108embedded-network-sensor-syst.pdf,
syllabus,CNT 6515 Mobile Multimedia,https://www.fau.edu/engineering/eecs/graduate/syllabi-ce-cs/pdf/cnt6515mobile-multimedia.pdf,https://www.fau.edu/engineering/eecs/graduate/syllabi-ce-cs/,DepCourseInfo\downloaded_forms_and_worksheets\cnt6515mobile-multimedia.pdf,
syllabus,CNT 6516 Advanced Computer Networking,https://www.fau.edu/engineering/eecs/graduate/syllabi-ce-cs/pdf/cnt6516adv-computer-networking.pdf,https://www.fau.edu/engineering/eecs/graduate/syllabi-ce-cs/,DepCourseInfo\downloaded_forms_and_worksheets\cnt6516adv-computer-networking.pdf,
syllabus,CNT 6517 Mobile Computing,https://www.fau.edu/engineering/eecs/graduate/syllabi-ce-cs/pdf/cnt6517mobile-computing.pdf,https://www.fau.edu/engineering/eecs/graduate/syllabi-ce-cs/,DepCourseInfo\downloaded_forms_and_worksheets\cnt6517mobile-computing.pdf,
syllabus,CNT 6528 Vehicular Networks,https://www.fau.edu/engineering/eecs/graduate/syllabi-ce-cs/pdf/cnt6528vehicular-networks.pdf,https://www.fau.edu/engineering/eecs/graduate/syllabi-ce-cs/,DepCourseInfo\downloaded_forms_and_worksheets\cnt6528vehicular-networks.pdf,
syllabus,CNT 6885 Video Communication,https://www.fau.edu/engineering/eecs/graduate/syllabi-ce-cs/pdf/cnt6885video-comm.pdf,https://www.fau.edu/engineering/eecs/graduate/syllabi-ce-cs/,DepCourseInfo\downloaded_forms_and_worksheets\cnt6885video-comm.pdf,
syllabus,COP 5339 Object Oriented Software Design,https://www.fau.edu/engineering/eecs/graduate/syllabi-ce-cs/pdf/cop5339object-oriented-sw-design.pdf,https://www.fau.edu/engineering/eecs/graduate/syllabi-ce-cs/,DepCourseInfo\downloaded_forms_and_worksheets\cop5339object-oriented-sw-design.pdf,
syllabus,COP 5595 Component Programming with .Net,https://www.fau.edu/engineering/eecs/graduate/syllabi-ce-cs/pdf/cop5595component-programming.pdf,https://www.fau.edu/engineering/eecs/graduate/syllabi-ce-cs/,DepCourseInfo\downloaded_forms_and_worksheets\cop5595component-programming.pdf,
syllabus,COP 5859 Semantic Web Programming,https://www.fau.edu/engineering/eecs/graduate/syllabi-ce-cs/pdf/cop5859semantic-web-programming.pdf,https://www.fau.edu/engineering/eecs/graduate/syllabi-ce-cs/,DepCourseInfo\downloaded_forms_and_worksheets\cop5859semantic-web-programming.pdf,
syllabus,COP 6636 Concurrency Modeling,https://www.fau.edu/engineering/eecs/graduate/syllabi-ce-cs/pdf/cop6636concurrency-modeling.pdf,https://www.fau.edu/engineering/eecs/graduate/syllabi-ce-cs/,DepCourseInfo\downloaded_forms_and_worksheets\cop6636concurrency-modeling.pdf,
syllabus,COP 6726 New Directions in Database Systems,https://www.fau.edu/engineering/eecs/graduate/syllabi-ce-cs/pdf/cop6726new-directions-database-systems.pdf,https://www.fau.edu/engineering/eecs/graduate/syllabi-ce-cs/,DepCourseInfo\downloaded_forms_and_worksheets\cop6726new-directions-database-systems.pdf,
syllabus,COP 6728 Visual Information Retrieval,https://www.fau.edu/engineering/eecs/graduate/syllabi-ce-cs/pdf/cop6728visual-info-retrieval.pdf,https://www.fau.edu/engineering/eecs/graduate/syllabi-ce-cs/,DepCourseInfo\downloaded_forms_and_worksheets\cop6728visual-info-retrieval.pdf,
syllabus,COP 6731 Theory and Implementation of Database Systems,https://www.fau.edu/engineering/eecs/graduate/syllabi-ce-cs/pdf/cop6731theory-implementation-database-systems.pdf,https://www.fau.edu/engineering/eecs/graduate/syllabi-ce-cs/,DepCourseInfo\downloaded_forms_and_worksheets\cop6731theory-implementation-database-systems.pdf,
syllabus,COT 5930 Digital Image Processing,https://www.fau.edu/engineering/eecs/graduate/syllabi-ce-cs/pdf/cot5930digital-image-processing.pdf,https://www.fau.edu/engineering/eecs/graduate/syllabi-ce-cs/,DepCourseInfo\downloaded_forms_and_worksheets\cot5930digital-image-processing.pdf,
syllabus,COT 5930 Medical Information Systems,https://www.fau.edu/engineering/eecs/graduate/syllabi-ce-cs/pdf/cot5930medical-info-systems.pdf,https://www.fau.edu/engineering/eecs/graduate/syllabi-ce-cs/,DepCourseInfo\downloaded_forms_and_worksheets\cot5930medical-info-systems.pdf,
syllabus,COT 5930 Mobile System Development - iOS,https://www.fau.edu/engineering/eecs/graduate/syllabi-ce-cs/pdf/cot5930mobile-system-development-ios.pdf,https://www.fau.edu/engineering/eecs/graduate/syllabi-ce-cs/,DepCourseInfo\downloaded_forms_and_worksheets\cot5930mobile-system-development-ios.pdf,
syllabus,COT 6200 Theory and Philosophy of Computation,https://www.fau.edu/engineering/eecs/graduate/syllabi-ce-cs/pdf/cot6200theory-philosophy-computation.pdf,https://www.fau.edu/engineering/eecs/graduate/syllabi-ce-cs/,DepCourseInfo\downloaded_forms_and_worksheets\cot6200theory-philosophy-computation.pdf,
syllabus,COT 6405 Analysis of Algorithms,https://www.fau.edu/engineering/eecs/graduate/syllabi-ce-cs/pdf/cot6405analysis-algorithms.pdf,https://www.fau.edu/engineering/eecs/graduate/syllabi-ce-cs/,DepCourseInfo\downloaded_forms_and_worksheets\cot6405analysis-algorithms.pdf,
syllabus,COT 6427 Secret Sharing Protocols,https://www.fau.edu/engineering/eecs/graduate/syllabi-ce-cs/pdf/cot6427secret-sharing-protocols.pdf,https://www.fau.edu/engineering/eecs/graduate/syllabi-ce-cs/,DepCourseInfo\downloaded_forms_and_worksheets\cot6427secret-sharing-protocols.pdf,
syllabus,COT 6446 Randomized Algorithms,https://www.fau.edu/engineering/eecs/graduate/syllabi-ce-cs/pdf/cot6446randomized-algorithms.pdf,https://www.fau.edu/engineering/eecs/graduate/syllabi-ce-cs/,DepCourseInfo\downloaded_forms_and_worksheets\cot6446randomized-algorithms.pdf,
syllabus,COT 6930 Emerging Multimedia Technologies,https://www.fau.edu/engineering/eecs/graduate/syllabi-ce-cs/pdf/cot6930emerging-multimedia-technologies.pdf,https://www.fau.edu/engineering/eecs/graduate/syllabi-ce-cs/,DepCourseInfo\downloaded_forms_and_worksheets\cot6930emerging-multimedia-technologies.pdf,
syllabus,CTS 6319 Cyber Security: Measurement and Data Analysis,https://www.fau.edu/engineering/eecs/graduate/syllabi-ce-cs/pdf/cts6319cyber-sec-measurement-data-analysis.pdf,https://www.fau.edu/engineering/eecs/graduate/syllabi-ce-cs/,DepCourseInfo\downloaded_forms_and_worksheets\cts6319cyber-sec-measurement-data-analysis.pdf,
syllabus,EEL 6935/COT 6930 Automatic Biometric Systems,https://www.fau.edu/engineering/eecs/graduate/syllabi-ee/pdf/eel6935-cot6930automatic-biometric-systems.pdf,https://www.fau.edu/engineering/eecs/graduate/syllabi-ce-cs/,DepCourseInfo\downloaded_forms_and_worksheets\eel6935-cot6930automatic-biometric-systems.pdf,
syllabus,EEL 6591 Wireless Networks,https://www.fau.edu/engineering/eecs/graduate/syllabi-ee/pdf/eel6591wireless-networks.pdf,https://www.fau.edu/engineering/eecs/graduate/syllabi-ce-cs/,DepCourseInfo\downloaded_forms_and_worksheets\eel6591wireless-networks.pdf,
syllabus,MAP 6264 Queueing Theory,https://www.fau.edu/engineering/eecs/graduate/syllabi-ce-cs/pdf/map6264queueing-theory.pdf,https://www.fau.edu/engineering/eecs/graduate/syllabi-ce-cs/,DepCourseInfo\downloaded_forms_and_worksheets\map6264queueing-theory.pdf,
syllabus,BME 5000 Introduction to Bioengineering,https://www.fau.edu/engineering/eecs/graduate/syllabi-ee/pdf/bme5000intro-bioeng.pdf,https://www.fau.edu/engineering/eecs/graduate/syllabi-ee/,DepCourseInfo\downloaded_forms_and_worksheets\bme5000intro-bioeng.pdf,
syllabus,BME 5742 Bio-systems Modeling and Control,https://www.fau.edu/engineering/eecs/graduate/syllabi-ee/pdf/bme5742bio-systems-modeling-control.pdf,https://www.fau.edu/engineering/eecs/graduate/syllabi-ee/,DepCourseInfo\downloaded_forms_and_worksheets\bme5742bio-systems-modeling-control.pdf,
syllabus,BME 6324 Stem Cell Engineering,https://www.fau.edu/engineering/eecs/graduate/syllabi-ee/pdf/bme6324stem-cell-eng.pdf,https://www.fau.edu/engineering/eecs/graduate/syllabi-ee/,DepCourseInfo\downloaded_forms_and_worksheets\bme6324stem-cell-eng.pdf,
syllabus,BME 6334 Tissue Engineering,https://www.fau.edu/engineering/eecs/graduate/syllabi-ee/pdf/bme6334tissue-eng.pdf,https://www.fau.edu/engineering/eecs/graduate/syllabi-ee/,DepCourseInfo\downloaded_forms_and_worksheets\bme6334tissue-eng.pdf,
syllabus,BME 6762 Bioinformatics: Bioengineering Perspectives,https://www.fau.edu/engineering/eecs/graduate/syllabi-ee/pdf/bme6762bioinformatics-bioeng-perspectives.pdf,https://www.fau.edu/engineering/eecs/graduate/syllabi-ee/,DepCourseInfo\downloaded_forms_and_worksheets\bme6762bioinformatics-bioeng-perspectives.pdf,
syllabus,CGS 5937 Graduate Seminar,https://www.fau.edu/engineering/eecs/graduate/syllabi-ee/pdf/cgs5937graduate-seminar.pdf,https://www.fau.edu/engineering/eecs/graduate/syllabi-ee/,DepCourseInfo\downloaded_forms_and_worksheets\cgs5937graduate-seminar_2.pdf,
syllabus,EEE 5286 Biosignal Processing,https://www.fau.edu/engineering/eecs/graduate/syllabi-ee/pdf/eee5286biosignal-proc.pdf,https://www.fau.edu/engineering/eecs/graduate/syllabi-ee/,DepCourseInfo\downloaded_forms_and_worksheets\eee5286biosignal-proc.pdf,
syllabus,EEE 5321 CMOS Amplifiers,https://www.fau.edu/engineering/eecs/graduate/syllabi-ee/pdf/eee5321cmos-amplifiers.pdf,https://www.fau.edu/engineering/eecs/graduate/syllabi-ee/,DepCourseInfo\downloaded_forms_and_worksheets\eee5321cmos-amplifiers.pdf,
syllabus,EEE 5324 Silicon Integrated Circuit Fabrication,https://www.fau.edu/engineering/eecs/graduate/syllabi-ee/pdf/eee5324silicon-int-cir-fab.pdf,https://www.fau.edu/engineering/eecs/graduate/syllabi-ee/,DepCourseInfo\downloaded_forms_and_worksheets\eee5324silicon-int-cir-fab.pdf,
syllabus,EEE 5371 High Frequency Amplifier Design,https://www.fau.edu/engineering/eecs/graduate/syllabi-ee/pdf/eee5371high-freq-amplifier-design.pdf,https://www.fau.edu/engineering/eecs/graduate/syllabi-ee/,DepCourseInfo\downloaded_forms_and_worksheets\eee5371high-freq-amplifier-design.pdf,
syllabus,EEE 5425 Nanobiotechnology,https://www.fau.edu/engineering/eecs/graduate/syllabi-ee/pdf/eee5425nanobiotech.pdf,https://www.fau.edu/engineering/eecs/graduate/syllabi-ee/,DepCourseInfo\downloaded_forms_and_worksheets\eee5425nanobiotech.pdf,
syllabus,EEE 5502 Digital Processing of Signals,https://www.fau.edu/engineering/eecs/graduate/syllabi-ee/pdf/eee5502digital-processing-of-Signals.pdf,https://www.fau.edu/engineering/eecs/graduate/syllabi-ee/,DepCourseInfo\downloaded_forms_and_worksheets\eee5502digital-processing-of-Signals.pdf,
syllabus,EEE 5557 Introduction to Radar Systems,https://www.fau.edu/engineering/eecs/graduate/syllabi-ee/pdf/eee5557intro-radar-systems.pdf,https://www.fau.edu/engineering/eecs/graduate/syllabi-ee/,DepCourseInfo\downloaded_forms_and_worksheets\eee5557intro-radar-systems.pdf,
syllabus,EEE 6374 RF Devices and Circuits,https://www.fau.edu/engineering/eecs/graduate/syllabi-ee/pdf/eee6374rf-devices-circuits.pdf,https://www.fau.edu/engineering/eecs/graduate/syllabi-ee/,DepCourseInfo\downloaded_forms_and_worksheets\eee6374rf-devices-circuits.pdf,
syllabus,EEE 6508 Advanced Signal Processing,https://www.fau.edu/engineering/eecs/graduate/syllabi-ee/pdf/eee6508adv-signal-processing.pdf,https://www.fau.edu/engineering/eecs/graduate/syllabi-ee/,DepCourseInfo\downloaded_forms_and_worksheets\eee6508adv-signal-processing.pdf,
syllabus,EEE 6585 Digital Processing of Speech Signals,https://www.fau.edu/engineering/eecs/graduate/syllabi-ee/pdf/eee6585digital-proc-speech-signals.pdf,https://www.fau.edu/engineering/eecs/graduate/syllabi-ee/,DepCourseInfo\downloaded_forms_and_worksheets\eee6585digital-proc-speech-signals.pdf,
syllabus,EEL 5437 Microwave Engineering,https://www.fau.edu/engineering/eecs/graduate/syllabi-ee/pdf/eel5437microwave-eng.pdf,https://www.fau.edu/engineering/eecs/graduate/syllabi-ee/,DepCourseInfo\downloaded_forms_and_worksheets\eel5437microwave-eng.pdf,
syllabus,EEL 5500 Digital Communications Systems,https://www.fau.edu/engineering/eecs/graduate/syllabi-ee/pdf/eel5500digital-comm.pdf,https://www.fau.edu/engineering/eecs/graduate/syllabi-ee/,DepCourseInfo\downloaded_forms_and_worksheets\eel5500digital-comm.pdf,
syllabus,EEL 5613 Modern Control,https://www.fau.edu/engineering/eecs/graduate/syllabi-ee/pdf/eel5613modern-control.pdf,https://www.fau.edu/engineering/eecs/graduate/syllabi-ee/,DepCourseInfo\downloaded_forms_and_worksheets\eel5613modern-control.pdf,
syllabus,EEL 5654 Control Systems 2,https://www.fau.edu/engineering/eecs/graduate/syllabi-ee/pdf/eel5654control-systems2.pdf,https://www.fau.edu/engineering/eecs/graduate/syllabi-ee/,DepCourseInfo\downloaded_forms_and_worksheets\eel5654control-systems2.pdf,
syllabus,EEL 5661 Robotic Applications,https://www.fau.edu/engineering/eecs/graduate/syllabi-ee/pdf/eel5661robotic-applications.pdf,https://www.fau.edu/engineering/eecs/graduate/syllabi-ee/,DepCourseInfo\downloaded_forms_and_worksheets\eel5661robotic-applications.pdf,
syllabus,EEL 5934 Cryptographic Engineering,https://www.fau.edu/engineering/eecs/graduate/syllabi-ee/pdf/eel5934cryptographic-eng.pdf,https://www.fau.edu/engineering/eecs/graduate/syllabi-ee/,DepCourseInfo\downloaded_forms_and_worksheets\eel5934cryptographic-eng.pdf,
syllabus,EEL 6297 Smart Grid,https://www.fau.edu/engineering/eecs/graduate/syllabi-ee/pdf/eel6291smart-grid.pdf,https://www.fau.edu/engineering/eecs/graduate/syllabi-ee/,DepCourseInfo\downloaded_forms_and_worksheets\eel6291smart-grid.pdf,
syllabus,EEL 6468 Smart Antennas,https://www.fau.edu/engineering/eecs/graduate/syllabi-ee/pdf/eel6468smart-antennas.pdf,https://www.fau.edu/engineering/eecs/graduate/syllabi-ee/,DepCourseInfo\downloaded_forms_and_worksheets\eel6468smart-antennas.pdf,
syllabus,EEL 6482 Electromagnetic Theory 1,https://www.fau.edu/engineering/eecs/graduate/syllabi-ee/pdf/eel6482electromagnetic-theory1.pdf,https://www.fau.edu/engineering/eecs/graduate/syllabi-ee/,DepCourseInfo\downloaded_forms_and_worksheets\eel6482electromagnetic-theory1.pdf,
syllabus,EEL 6532 Information Theory,https://www.fau.edu/engineering/eecs/graduate/syllabi-ee/pdf/eel6532info-theory.pdf,https://www.fau.edu/engineering/eecs/graduate/syllabi-ee/,DepCourseInfo\downloaded_forms_and_worksheets\eel6532info-theory.pdf,
syllabus,EEL 6537 Detection Theory,https://www.fau.edu/engineering/eecs/graduate/syllabi-ee/pdf/eel6537detection-theory.pdf,https://www.fau.edu/engineering/eecs/graduate/syllabi-ee/,DepCourseInfo\downloaded_forms_and_worksheets\eel6537detection-theory.pdf,
syllabus,EEL 6563 Fiber Optic Communications,https://www.fau.edu/engineering/eecs/graduate/syllabi-ee/pdf/eel6563fiber-optic-comm.pdf,https://www.fau.edu/engineering/eecs/graduate/syllabi-ee/,DepCourseInfo\downloaded_forms_and_worksheets\eel6563fiber-optic-comm.pdf,
syllabus,EEL 6591 Wireless Networks,https://www.fau.edu/engineering/eecs/graduate/syllabi-ee/pdf/eel6591wireless-networks.pdf,https://www.fau.edu/engineering/eecs/graduate/syllabi-ee/,DepCourseInfo\downloaded_forms_and_worksheets\eel6591wireless-networks.pdf,
syllabus,EEL 6593 Mobile Communication,https://www.fau.edu/engineering/eecs/graduate/syllabi-ee/pdf/eel6593mobile-comm.pdf,https://www.fau.edu/engineering/eecs/graduate/syllabi-ee/,DepCourseInfo\downloaded_forms_and_worksheets\eel6593mobile-comm.pdf,
syllabus,EEL 6597 Wireless Personal Communication Systems,https://www.fau.edu/engineering/eecs/graduate/syllabi-ee/pdf/eel6597wireless-personal-comm-systems.pdf,https://www.fau.edu/engineering/eecs/graduate/syllabi-ee/,DepCourseInfo\downloaded_forms_and_worksheets\eel6597wireless-personal-comm-systems.pdf,
syllabus,EEL 6682 Intelligent Control,https://www.fau.edu/engineering/eecs/graduate/syllabi-ee/pdf/eel6682intelligent-control.pdf,https://www.fau.edu/engineering/eecs/graduate/syllabi-ee/,DepCourseInfo\downloaded_forms_and_worksheets\eel6682intelligent-control.pdf,
syllabus,EEL 6819 Neural Complex and Artificial Neural Networks,https://www.fau.edu/engineering/eecs/graduate/syllabi-ee/pdf/eel6819neural-complex-artificial-neural-networks.pdf,https://www.fau.edu/engineering/eecs/graduate/syllabi-ee/,DepCourseInfo\downloaded_forms_and_worksheets\eel6819neural-complex-artificial-neural-networks.pdf,
syllabus,EEL 6935/COT 6930 Automatic Biometric Systems,https://www.fau.edu/engineering/eecs/graduate/syllabi-ee/pdf/eel6935-cot6930automatic-biometric-systems.pdf,https://www.fau.edu/engineering/eecs/graduate/syllabi-ee/,DepCourseInfo\downloaded_forms_and_worksheets\eel6935-cot6930automatic-biometric-systems.pdf,
syllabus,EEL 6935 Medical Imaging,https://www.fau.edu/engineering/eecs/graduate/syllabi-ee/pdf/eel6935medical-imaging.pdf,https://www.fau.edu/engineering/eecs/graduate/syllabi-ee/,DepCourseInfo\downloaded_forms_and_worksheets\eel6935medical-imaging.pdf,
syllabus,EEL 6935 Multimedia Systems,https://www.fau.edu/engineering/eecs/graduate/syllabi-ee/pdf/eel6935multimedia-systems.pdf,https://www.fau.edu/engineering/eecs/graduate/syllabi-ee/,DepCourseInfo\downloaded_forms_and_worksheets\eel6935multimedia-systems.pdf,
syllabus,TCN 6122 Local Access and Internet Telecommunication Engineering,https://www.fau.edu/engineering/eecs/graduate/syllabi-ee/pdf/tcn6122local-access-internet-telecommunication-eng.pdf,https://www.fau.edu/engineering/eecs/graduate/syllabi-ee/,DepCourseInfo\downloaded_forms_and_worksheets\tcn6122local-access-internet-telecommunication-eng.pdf,
form_or_application,Joint BS/MS Degree Program Audit Form,https://www.fau.edu/engineering/eecs/pdf/bsms-audit-form.pdf,https://www.fau.edu/engineering/eecs/graduate/joint-bsms/,DepCourseInfo\downloaded_forms_and_worksheets\bsms-audit-form.pdf,
form_or_application,Department Form for Graduate College Pathways Scholarship Application,https://www.fau.edu/engineering/eecs/pdf/grad-pathway-scholarship-application.pdf,https://www.fau.edu/engineering/eecs/graduate/joint-bsms/,DepCourseInfo\downloaded_forms_and_worksheets\grad-pathway-scholarship-application.pdf,
form_or_application,application form for Low Residency Ph.D. program,https://www.fau.edu/engineering/eecs/pdf/eecs-low-residency-phd-form.pdf,https://www.fau.edu/engineering/eecs/graduate/phd/,DepCourseInfo\downloaded_forms_and_worksheets\eecs-low-residency-phd-form.pdf,
form_or_application,Joint BS/PhD Degree Program Audit Form,https://www.fau.edu/engineering/eecs/pdf/bsphd-audit-form.pdf,https://www.fau.edu/engineering/eecs/graduate/joint-bsphd,DepCourseInfo\downloaded_forms_and_worksheets\bsphd-audit-form.pdf,
form_or_application,Department Form for Graduate College Pathways Scholarship Application,https://www.fau.edu/engineering/eecs/pdf/bsphd-grad-pathway-scholarship-application.pdf,https://www.fau.edu/engineering/eecs/graduate/joint-bsphd,DepCourseInfo\downloaded_forms_and_worksheets\bsphd-grad-pathway-scholarship-application.pdf,
program_or_advising_worksheet,Program Worksheet- for students who started in spring 2025 or earlier,https://www.fau.edu/engineering/eecs/pdf/ms-in-artificial-intelligence-program-6-2025.pdf,https://www.fau.edu/engineering/eecs/graduate/ms/artificial-intelligence/,DepCourseInfo\downloaded_forms_and_worksheets\ms-in-artificial-intelligence-program-6-2025.pdf,
program_or_advising_worksheet,Program Worksheet-for students who started in Summer 2025 or later,https://www.fau.edu/engineering/eecs/pdf/ms--arin-worksheet.pdf,https://www.fau.edu/engineering/eecs/graduate/ms/artificial-intelligence/,DepCourseInfo\downloaded_forms_and_worksheets\ms--arin-worksheet.pdf,
program_or_advising_worksheet,Program Worksheet - for students who started in Spring 2025 or earlier,https://www.fau.edu/engineering/eecs/pdf/ms-in-computer-engineering-program-sheet-6-2025.pdf,https://www.fau.edu/engineering/eecs/graduate/ms/computer-engineering/,DepCourseInfo\downloaded_forms_and_worksheets\ms-in-computer-engineering-program-sheet-6-2025.pdf,
program_or_advising_worksheet,Program Worksheet - for students who started in Summer 2025 or later,https://www.fau.edu/engineering/eecs/pdf/ms--coen-worksheet.pdf,https://www.fau.edu/engineering/eecs/graduate/ms/computer-engineering/,DepCourseInfo\downloaded_forms_and_worksheets\ms--coen-worksheet.pdf,
program_or_advising_worksheet,Program Worksheet - for students who started in Spring 2025 or earlier,https://www.fau.edu/engineering/eecs/pdf/ms-in-computer-science-program-worksheet-6-2025.pdf,https://www.fau.edu/engineering/eecs/graduate/ms/computer-science/,DepCourseInfo\downloaded_forms_and_worksheets\ms-in-computer-science-program-worksheet-6-2025.pdf,
program_or_advising_worksheet,Program Worksheet - for Students who started in Summer 2025 or later,https://www.fau.edu/engineering/eecs/pdf/ms-cse-worksheet-new.pdf,https://www.fau.edu/engineering/eecs/graduate/ms/computer-science/,DepCourseInfo\downloaded_forms_and_worksheets\ms-cse-worksheet-new.pdf,
program_or_advising_worksheet,Program Worksheet - for students who started in Spring 2025 or earlier,https://www.fau.edu/engineering/eecs/pdf/ms-in-electrical-engineering-program-sheet-6-2025.pdf,https://www.fau.edu/engineering/eecs/graduate/ms/electrical/,DepCourseInfo\downloaded_forms_and_worksheets\ms-in-electrical-engineering-program-sheet-6-2025.pdf,
program_or_advising_worksheet,Program Worksheet - for students who started in Summer 2025 or later,https://www.fau.edu/engineering/eecs/pdf/ms-in-eel-worksheet.pdf,https://www.fau.edu/engineering/eecs/graduate/ms/electrical/,DepCourseInfo\downloaded_forms_and_worksheets\ms-in-eel-worksheet.pdf,
program_or_advising_worksheet,Program Worksheet - for students who started in Spring 2025 or earlier,https://www.fau.edu/engineering/eecs/pdf/ms-in-data-science-analytics-program-worksheet-6-2025.pdf,https://www.fau.edu/engineering/eecs/graduate/ms/data-science-and-analytics/,DepCourseInfo\downloaded_forms_and_worksheets\ms-in-data-science-analytics-program-worksheet-6-2025.pdf,
program_or_advising_worksheet,Program Worksheet - for students who started in Summer 2025 or later,https://www.fau.edu/engineering/eecs/pdf/ms--dsa--worksheet.pdf,https://www.fau.edu/engineering/eecs/graduate/ms/data-science-and-analytics/,DepCourseInfo\downloaded_forms_and_worksheets\ms--dsa--worksheet.pdf,
program_or_advising_worksheet,Worksheet AIT - for students who started in Spring 2025 or earlier,https://www.fau.edu/engineering/eecs/pdf/ms-in-information-technology-management-advance-information-technology-program-sheet-6-2025.pdf,https://www.fau.edu/engineering/eecs/graduate/ms/it-management/,DepCourseInfo\downloaded_forms_and_worksheets\ms-in-information-technology-management-advance-information-technology-program-sheet-6-2025.pdf,
program_or_advising_worksheet,Worksheet CSDA - for students who started in Spring 2025 or earlier,https://www.fau.edu/engineering/eecs/pdf/ms-in-information-technology-management-computer-science-data-analytics-program-sheet-6-2025.pdf,https://www.fau.edu/engineering/eecs/graduate/ms/it-management/,DepCourseInfo\downloaded_forms_and_worksheets\ms-in-information-technology-management-computer-science-data-analytics-program-sheet-6-2025.pdf,
program_or_advising_worksheet,Worksheet Cybersecurity - for students who started in Spring 2025 or earlier,https://www.fau.edu/engineering/eecs/pdf/ms-in-information-technology-management-cybersecurity-program-sheet-6-2025.pdf,https://www.fau.edu/engineering/eecs/graduate/ms/it-management/,DepCourseInfo\downloaded_forms_and_worksheets\ms-in-information-technology-management-cybersecurity-program-sheet-6-2025.pdf,
program_or_advising_worksheet,Program Worksheet AIT - for students who started in Summer 2025 or later,https://www.fau.edu/engineering/eecs/pdf/ms-egit-ait-worksheet.pdf,https://www.fau.edu/engineering/eecs/graduate/ms/it-management/,DepCourseInfo\downloaded_forms_and_worksheets\ms-egit-ait-worksheet.pdf,
program_or_advising_worksheet,Program Worksheet CSDA - for students who started in Summer 2025 or later,https://www.fau.edu/engineering/eecs/pdf/ms-egit-csda-worksheet.pdf,https://www.fau.edu/engineering/eecs/graduate/ms/it-management/,DepCourseInfo\downloaded_forms_and_worksheets\ms-egit-csda-worksheet.pdf,
program_or_advising_worksheet,Program Worksheet Cybersecurity - for students who started in Summer 2025 or later,https://www.fau.edu/engineering/eecs/pdf/ms-egit-csec-worksheet.pdf,https://www.fau.edu/engineering/eecs/graduate/ms/it-management/,DepCourseInfo\downloaded_forms_and_worksheets\ms-egit-csec-worksheet.pdf,
form_or_application,"Information Technology & Management, Computer Science Data Analytics Concentration",https://www.fau.edu/engineering/eecs/pdf/4-plus-1-itm-csda.pdf,https://www.fau.edu/engineering/eecs/graduate/honors-college-joint-bsms/,DepCourseInfo\downloaded_forms_and_worksheets\4-plus-1-itm-csda.pdf,
form_or_application,"Information Technology & Management, Advanced Information Technology Concentration",https://www.fau.edu/engineering/eecs/pdf/4-plus-1-itm-ait.pdf,https://www.fau.edu/engineering/eecs/graduate/honors-college-joint-bsms/,DepCourseInfo\downloaded_forms_and_worksheets\4-plus-1-itm-ait.pdf,
form_or_application,Department Form for Graduate College Pathways Scholarship Application,https://www.fau.edu/engineering/eecs/pdf/grad-pathway-scholarship-application-revised.pdf,https://www.fau.edu/engineering/eecs/graduate/honors-college-joint-bsms/,DepCourseInfo\downloaded_forms_and_worksheets\grad-pathway-scholarship-application-revised.pdf,
form_or_application,Artificial Intelligence,https://www.fau.edu/engineering/eecs/pdf/nursing-joint-bsms-ai-audit-form.pdf,https://www.fau.edu/engineering/eecs/graduate/nursing-joint-bsms/,DepCourseInfo\downloaded_forms_and_worksheets\nursing-joint-bsms-ai-audit-form.pdf,
form_or_application,Biomedical Engineering,https://www.fau.edu/engineering/eecs/pdf/nursing-joint-bsms-biomedical-eng-audit-form.pdf,https://www.fau.edu/engineering/eecs/graduate/nursing-joint-bsms/,DepCourseInfo\downloaded_forms_and_worksheets\nursing-joint-bsms-biomedical-eng-audit-form.pdf,
form_or_application,Department Form for Graduate College Pathways Scholarship Application,https://www.fau.edu/engineering/eecs/pdf/grad-pathway-scholarship-application.pdf,https://www.fau.edu/engineering/eecs/graduate/nursing-joint-bsms/,DepCourseInfo\downloaded_forms_and_worksheets\grad-pathway-scholarship-application.pdf,
form_or_application,Program Audit Form,https://www.fau.edu/engineering/eecs/pdf/bsms-joint-mechanical-engineering-and-msai-audit-form.pdf,https://www.fau.edu/engineering/eecs/graduate/mechanical-joint-bsms/,DepCourseInfo\downloaded_forms_and_worksheets\bsms-joint-mechanical-engineering-and-msai-audit-form.pdf,
form_or_application,Department Form for Graduate College Pathways Scholarship Application,https://www.fau.edu/engineering/eecs/pdf/grad-pathway-scholarship-application.pdf,https://www.fau.edu/engineering/eecs/graduate/mechanical-joint-bsms/,DepCourseInfo\downloaded_forms_and_worksheets\grad-pathway-scholarship-application.pdf,
program_or_advising_worksheet,MS-PhD Program Worksheet,https://www.fau.edu/engineering/eecs/pdf/msto-phd-computer-engineering-worksheet12.09.2025.pdf,https://www.fau.edu/engineering/eecs/graduate/phd/computer-engineering/,DepCourseInfo\downloaded_forms_and_worksheets\msto-phd-computer-engineering-worksheet12.09.2025.pdf,
program_or_advising_worksheet,BS-PhD Program Worksheet,https://www.fau.edu/engineering/eecs/pdf/bs-phd-computer-engineering-worksheet-12.09.2025.pdf,https://www.fau.edu/engineering/eecs/graduate/phd/computer-engineering/,DepCourseInfo\downloaded_forms_and_worksheets\bs-phd-computer-engineering-worksheet-12.09.2025.pdf,
form_or_application,Candidacy Exam Application Form,https://www.fau.edu/engineering/eecs/pdf/ce-application-form.pdf,https://www.fau.edu/engineering/eecs/graduate/phd/computer-engineering/,DepCourseInfo\downloaded_forms_and_worksheets\ce-application-form.pdf,
form_or_application,Candidacy Examination Application Form,https://www.fau.edu/engineering/eecs/pdf/ce-application-form.pdf,https://www.fau.edu/engineering/eecs/graduate/phd/computer-science/,DepCourseInfo\downloaded_forms_and_worksheets\ce-application-form.pdf,
program_or_advising_worksheet,BS-PhD Program Worksheet,https://www.fau.edu/engineering/eecs/pdf/bs-phd-computer-science-worksheet12.09.2025.pdf,https://www.fau.edu/engineering/eecs/graduate/phd/computer-science/,DepCourseInfo\downloaded_forms_and_worksheets\bs-phd-computer-science-worksheet12.09.2025.pdf,
program_or_advising_worksheet,MS-PhD Program Worksheet,https://www.fau.edu/engineering/eecs/pdf/ms-phd-computer-science-worksheet12.09.2025.pdf,https://www.fau.edu/engineering/eecs/graduate/phd/computer-science/,DepCourseInfo\downloaded_forms_and_worksheets\ms-phd-computer-science-worksheet12.09.2025.pdf,
program_or_advising_worksheet,BS-PhD Program Worksheet DSA,https://www.fau.edu/engineering/eecs/pdf/bs-phd-csc-data-science-anly-concn12.09.2025.pdf,https://www.fau.edu/engineering/eecs/graduate/phd/computer-science/,DepCourseInfo\downloaded_forms_and_worksheets\bs-phd-csc-data-science-anly-concn12.09.2025.pdf,
program_or_advising_worksheet,MS-PhD Program WorksheetDSA,https://www.fau.edu/engineering/eecs/pdf/ms-phd-csc-data-science-anly-concn12.09.2025.pdf,https://www.fau.edu/engineering/eecs/graduate/phd/computer-science/,DepCourseInfo\downloaded_forms_and_worksheets\ms-phd-csc-data-science-anly-concn12.09.2025.pdf,
program_or_advising_worksheet,BS-PhD Program Worksheet Cybersecurity,https://www.fau.edu/engineering/eecs/pdf/bs-phd-csc-cybersecurity-concn12.09.2025.pdf,https://www.fau.edu/engineering/eecs/graduate/phd/computer-science/,DepCourseInfo\downloaded_forms_and_worksheets\bs-phd-csc-cybersecurity-concn12.09.2025.pdf,
program_or_advising_worksheet,MS-PhD Program Worksheet Cybersecurity,https://www.fau.edu/engineering/eecs/pdf/ms-phd-cybersecurity-concn12.09.2025.pdf,https://www.fau.edu/engineering/eecs/graduate/phd/computer-science/,DepCourseInfo\downloaded_forms_and_worksheets\ms-phd-cybersecurity-concn12.09.2025.pdf,
program_or_advising_worksheet,BS-PhD Program Worksheet,https://www.fau.edu/engineering/eecs/pdf/bs-to-phd-electrical-engineering-worksheet12.09.2025.pdf,https://www.fau.edu/engineering/eecs/graduate/phd/electrical/,DepCourseInfo\downloaded_forms_and_worksheets\bs-to-phd-electrical-engineering-worksheet12.09.2025.pdf,
program_or_advising_worksheet,MS-PhD Program Worksheet,https://www.fau.edu/engineering/eecs/pdf/ms-to-phd-electrical-engineering-worksheet1.13.2026.pdf,https://www.fau.edu/engineering/eecs/graduate/phd/electrical/,DepCourseInfo\downloaded_forms_and_worksheets\ms-to-phd-electrical-engineering-worksheet1.13.2026.pdf,
program_or_advising_worksheet,BS-PhD Program Worksheet NeuroEng Concentration,https://www.fau.edu/engineering/eecs/pdf/bs-phd-eel-neuroeng-concn-worksheet12.09.2025.pdf,https://www.fau.edu/engineering/eecs/graduate/phd/electrical/,DepCourseInfo\downloaded_forms_and_worksheets\bs-phd-eel-neuroeng-concn-worksheet12.09.2025.pdf,
program_or_advising_worksheet,MS-PhD Program Worksheet NeuroEng Concentration,https://www.fau.edu/engineering/eecs/pdf/ms-to-phd-eel-neuroeng-concn-worksheet12.09.2025.pdf,https://www.fau.edu/engineering/eecs/graduate/phd/electrical/,DepCourseInfo\downloaded_forms_and_worksheets\ms-to-phd-eel-neuroeng-concn-worksheet12.09.2025.pdf,
form_or_application,Candidacy Exam Application Form,https://www.fau.edu/engineering/eecs/pdf/ce-application-form.pdf,https://www.fau.edu/engineering/eecs/graduate/phd/electrical/,DepCourseInfo\downloaded_forms_and_worksheets\ce-application-form.pdf,
program_or_advising_worksheet,Advising Worksheet,https://www.fau.edu/engineering/eecs/pdf/artificial-intelligence-cert-program-worksheet.pdf,https://www.fau.edu/engineering/eecs/graduate/certificates/artificial-intelligence/,DepCourseInfo\downloaded_forms_and_worksheets\artificial-intelligence-cert-program-worksheet.pdf,
certificate_or_minor,Artificial Intelligence Certificate Program Application (pdf),https://www.fau.edu/engineering/eecs/pdf/certificate-artificial--intelligence-program-application.pdf,https://www.fau.edu/engineering/eecs/graduate/certificates/artificial-intelligence/,DepCourseInfo\downloaded_forms_and_worksheets\certificate-artificial--intelligence-program-application.pdf,
program_or_advising_worksheet,Advising Worksheet,https://www.fau.edu/engineering/eecs/pdf/newcertificate-artificial-intelligence-worksheet.pdf,https://www.fau.edu/engineering/eecs/graduate/certificates/artificial-intelligence/,DepCourseInfo\downloaded_forms_and_worksheets\newcertificate-artificial-intelligence-worksheet.pdf,
program_or_advising_worksheet,Advising Worksheet,https://www.fau.edu/engineering/eecs/pdf/big-data-analytics-cert-program-worksheet.pdf,https://www.fau.edu/engineering/eecs/graduate/certificates/big-data/,DepCourseInfo\downloaded_forms_and_worksheets\big-data-analytics-cert-program-worksheet.pdf,
certificate_or_minor,Big Data Analytics Certificate Program Application,https://www.fau.edu/engineering/eecs/pdf/certificate-big-data-analytics-application.pdf,https://www.fau.edu/engineering/eecs/graduate/certificates/big-data/,DepCourseInfo\downloaded_forms_and_worksheets\certificate-big-data-analytics-application.pdf,
program_or_advising_worksheet,Advising Worksheet,https://www.fau.edu/engineering/eecs/pdf/certificate-biomedical-engineering-worksheet.pdf,https://www.fau.edu/engineering/eecs/graduate/certificates/biomedical-engineering/index.php,,404 Client Error: Not Found for url: https://www.fau.edu/engineering/eecs/pdf/certificate-biomedical-engineering-worksheet.pdf
certificate_or_minor,Program Application,https://www.fau.edu/engineering/eecs/pdf/certificate-biomedical-engineering-program-application.pdf,https://www.fau.edu/engineering/eecs/graduate/certificates/biomedical-engineering/index.php,DepCourseInfo\downloaded_forms_and_worksheets\certificate-biomedical-engineering-program-application.pdf,
program_or_advising_worksheet,Advising Worksheet,https://www.fau.edu/engineering/eecs/pdf/cyber-security-cert-program-worksheet.pdf,https://www.fau.edu/engineering/eecs/graduate/certificates/cyber-security/,DepCourseInfo\downloaded_forms_and_worksheets\cyber-security-cert-program-worksheet.pdf,
certificate_or_minor,Cyber Security Certificate Program Application,https://www.fau.edu/engineering/eecs/pdf/certificate-cyber-security-application.pdf,https://www.fau.edu/engineering/eecs/graduate/certificates/cyber-security/,DepCourseInfo\downloaded_forms_and_worksheets\certificate-cyber-security-application.pdf,
program_or_advising_worksheet,Advising Worksheet,https://www.fau.edu/engineering/eecs/pdf/certificate-energy-resilience-program-worksheet.pdf,https://www.fau.edu/engineering/eecs/graduate/certificates/energy-resilience/,DepCourseInfo\downloaded_forms_and_worksheets\certificate-energy-resilience-program-worksheet.pdf,
certificate_or_minor,Program Application,https://www.fau.edu/engineering/eecs/pdf/certificate-energy-resilience-program-application.pdf,https://www.fau.edu/engineering/eecs/graduate/certificates/energy-resilience/,DepCourseInfo\downloaded_forms_and_worksheets\certificate-energy-resilience-program-application.pdf,
program_or_advising_worksheet,Advising Worksheet,https://www.fau.edu/engineering/eecs/pdf/certificate-artificial-intelligence-program-worksheet.pdf,https://www.fau.edu/engineering/eecs/graduate/minor/artificial-intelligence/,DepCourseInfo\downloaded_forms_and_worksheets\certificate-artificial-intelligence-program-worksheet.pdf,
certificate_or_minor,Program Application,https://www.fau.edu/engineering/eecs/pdf/minor--artificial-intelligence-application.pdf,https://www.fau.edu/engineering/eecs/graduate/minor/artificial-intelligence/,DepCourseInfo\downloaded_forms_and_worksheets\minor--artificial-intelligence-application.pdf,
program_or_advising_worksheet,Advising Worksheet,https://www.fau.edu/engineering/eecs/pdf/certificate-artificial-intelligence--program-worksheet.pdf,https://www.fau.edu/engineering/eecs/graduate/minor/artificial-intelligence/,DepCourseInfo\downloaded_forms_and_worksheets\certificate-artificial-intelligence--program-worksheet.pdf,
program_or_advising_worksheet,Advising Worksheet,https://www.fau.edu/engineering/eecs/pdf/minor-in-business-worksheet.pdf,https://www.fau.edu/engineering/eecs/graduate/minor/business/,DepCourseInfo\downloaded_forms_and_worksheets\minor-in-business-worksheet.pdf,
certificate_or_minor,Program Application,https://www.fau.edu/engineering/eecs/pdf/minor-in-business-application.pdf,https://www.fau.edu/engineering/eecs/graduate/minor/business/,DepCourseInfo\downloaded_forms_and_worksheets\minor-in-business-application.pdf,
program_or_advising_worksheet,Advising Worksheet,https://www.fau.edu/engineering/eecs/undergraduate/certificates/artificial-intelligence/pdf/artificial-inteligence-certificate-worksheet-jan6.pdf,https://www.fau.edu/engineering/eecs/undergraduate/certificates/artificial-intelligence/,DepCourseInfo\downloaded_forms_and_worksheets\artificial-inteligence-certificate-worksheet-jan6.pdf,
certificate_or_minor,Program Application,https://www.fau.edu/engineering/eecs/undergraduate/certificates/artificial-intelligence/pdf/artificial-intelligence-certificate-program-application-jan6.pdf,https://www.fau.edu/engineering/eecs/undergraduate/certificates/artificial-intelligence/,DepCourseInfo\downloaded_forms_and_worksheets\artificial-intelligence-certificate-program-application-jan6.pdf,
program_or_advising_worksheet,Advising Worksheet,https://www.fau.edu/engineering/eecs/undergraduate/certificates/cybersecurity/pdf/cybersecurity-certificate-worksheet-2023.pdf,https://www.fau.edu/engineering/eecs/undergraduate/certificates/cybersecurity/,DepCourseInfo\downloaded_forms_and_worksheets\cybersecurity-certificate-worksheet-2023.pdf,
certificate_or_minor,Program Application,https://www.fau.edu/engineering/eecs/undergraduate/certificates/cybersecurity/pdf/cybersecurity-certificate-program-application.pdf,https://www.fau.edu/engineering/eecs/undergraduate/certificates/cybersecurity/,DepCourseInfo\downloaded_forms_and_worksheets\cybersecurity-certificate-program-application.pdf,
program_or_advising_worksheet,Advising Worksheet,https://www.fau.edu/engineering/eecs/undergraduate/certificates/data-science/pdf/data-science-certificate-worksheet.pdf,https://www.fau.edu/engineering/eecs/undergraduate/certificates/data-science/,DepCourseInfo\downloaded_forms_and_worksheets\data-science-certificate-worksheet.pdf,
certificate_or_minor,Program Application,https://www.fau.edu/engineering/eecs/undergraduate/certificates/data-science/pdf/data-science-certificate-program-application.pdf,https://www.fau.edu/engineering/eecs/undergraduate/certificates/data-science/,DepCourseInfo\downloaded_forms_and_worksheets\data-science-certificate-program-application.pdf,
program_or_advising_worksheet,Advising Worksheet,https://www.fau.edu/engineering/eecs/undergraduate/minors/artificial-intelligence/pdf/artificial-inteligence-minor-worksheet-jan6.pdf,https://www.fau.edu/engineering/eecs/undergraduate/minors/artificial-intelligence/,DepCourseInfo\downloaded_forms_and_worksheets\artificial-inteligence-minor-worksheet-jan6.pdf,
certificate_or_minor,Program Application,https://www.fau.edu/engineering/eecs/undergraduate/minors/artificial-intelligence/pdf/artificial-intelligence-minor-program-application-jan6.pdf,https://www.fau.edu/engineering/eecs/undergraduate/minors/artificial-intelligence/,DepCourseInfo\downloaded_forms_and_worksheets\artificial-intelligence-minor-program-application-jan6.pdf,
certificate_or_minor,Program Application,https://www.fau.edu/engineering/eecs/undergraduate/minors/computer-science/pdf/computer-science-minor-program-application.pdf,https://www.fau.edu/engineering/eecs/undergraduate/minors/computer-science/,DepCourseInfo\downloaded_forms_and_worksheets\computer-science-minor-program-application.pdf,
program_or_advising_worksheet,Advising Worksheet,https://www.fau.edu/engineering/eecs/undergraduate/minors/cybersecurity/pdf/cybersecurity-minor-worksheet.pdf,https://www.fau.edu/engineering/eecs/undergraduate/minors/cybersecurity/,DepCourseInfo\downloaded_forms_and_worksheets\cybersecurity-minor-worksheet.pdf,
certificate_or_minor,Program Application,https://www.fau.edu/engineering/eecs/undergraduate/minors/cybersecurity/pdf/cybersecurity-minor-program-application.pdf,https://www.fau.edu/engineering/eecs/undergraduate/minors/cybersecurity/,DepCourseInfo\downloaded_forms_and_worksheets\cybersecurity-minor-program-application.pdf,
program_or_advising_worksheet,Program Worksheet - for students who started in Spring 2025 or earlier,https://www.fau.edu/engineering/eecs/pdf/ms-in-computer-science-program-worksheet-6-2025.pdf,https://www.fau.edu/engineering/eecs/graduate/ms/computer-science/admiss-reqs/,DepCourseInfo\downloaded_forms_and_worksheets\ms-in-computer-science-program-worksheet-6-2025.pdf,
program_or_advising_worksheet,Program Worksheet - for Students who started in Summer 2025 or later,https://www.fau.edu/engineering/eecs/pdf/ms-cse-worksheet-new.pdf,https://www.fau.edu/engineering/eecs/graduate/ms/computer-science/admiss-reqs/,DepCourseInfo\downloaded_forms_and_worksheets\ms-cse-worksheet-new.pdf,
program_or_advising_worksheet,Program Worksheet - for students who started in Spring 2025 or earlier,https://www.fau.edu/engineering/eecs/pdf/ms-in-computer-science-program-worksheet-6-2025.pdf,https://www.fau.edu/engineering/eecs/graduate/ms/computer-science/degree-reqs/,DepCourseInfo\downloaded_forms_and_worksheets\ms-in-computer-science-program-worksheet-6-2025.pdf,
program_or_advising_worksheet,Program Worksheet - for Students who started in Summer 2025 or later,https://www.fau.edu/engineering/eecs/pdf/ms-cse-worksheet-new.pdf,https://www.fau.edu/engineering/eecs/graduate/ms/computer-science/degree-reqs/,DepCourseInfo\downloaded_forms_and_worksheets\ms-cse-worksheet-new.pdf,
syllabus,SYLLABUS,https://www.fau.edu/engineering/eecs/pdf/syllabus-ai-data-sci-cybersecurity-ethics-fall-2024.pdf,https://www.fau.edu/engineering/eecs/new-electives/,DepCourseInfo\downloaded_forms_and_worksheets\syllabus-ai-data-sci-cybersecurity-ethics-fall-2024.pdf,
syllabus,SYLLABUS,https://www.fau.edu/engineering/eecs/pdf/syllabus-generative-ai-driven-software-development-fall-2024.pdf,https://www.fau.edu/engineering/eecs/new-electives/,DepCourseInfo\downloaded_forms_and_worksheets\syllabus-generative-ai-driven-software-development-fall-2024.pdf,
syllabus,Syllabus,https://www.fau.edu/engineering/eecs/pdf/syllabus-mobile-app-projects-fall-2024.pdf,https://www.fau.edu/engineering/eecs/new-electives/,DepCourseInfo\downloaded_forms_and_worksheets\syllabus-mobile-app-projects-fall-2024.pdf,
syllabus,SYLLABUS,https://www.fau.edu/engineering/eecs/pdf/syllabus-intro-intelligent-auton-robots-fall-2024.pdf,https://www.fau.edu/engineering/eecs/new-electives/,DepCourseInfo\downloaded_forms_and_worksheets\syllabus-intro-intelligent-auton-robots-fall-2024.pdf,
syllabus,SYLLABUS,https://www.fau.edu/engineering/eecs/pdf/syllabus-software-engineering-management-fall-2024.pdf,https://www.fau.edu/engineering/eecs/new-electives/,DepCourseInfo\downloaded_forms_and_worksheets\syllabus-software-engineering-management-fall-2024.pdf,
syllabus,SYLLABUS,https://www.fau.edu/engineering/eecs/pdf/syllabus-trustworthy-artificial-intelligence-fall-2024.pdf,https://www.fau.edu/engineering/eecs/new-electives/,DepCourseInfo\downloaded_forms_and_worksheets\syllabus-trustworthy-artificial-intelligence-fall-2024.pdf,
syllabus,SYLLABUS,https://www.fau.edu/engineering/eecs/pdf/syllabus-conversational-ai-fall-2024.pdf,https://www.fau.edu/engineering/eecs/new-electives/,DepCourseInfo\downloaded_forms_and_worksheets\syllabus-conversational-ai-fall-2024.pdf,
syllabus,SYLLABUS,https://www.fau.edu/engineering/eecs/pdf/syllabus-cloud-native-development-fall-2024.pdf,https://www.fau.edu/engineering/eecs/new-electives/,DepCourseInfo\downloaded_forms_and_worksheets\syllabus-cloud-native-development-fall-2024.pdf,
form_or_application,Candidacy Exam Application Form,https://www.fau.edu/engineering/eecs/pdf/ce-application-form.pdf,https://www.fau.edu/engineering/eecs/graduate/professional-programs/professional-phd/,DepCourseInfo\downloaded_forms_and_worksheets\ce-application-form.pdf,
program_or_advising_worksheet,Program Worksheet,https://www.fau.edu/engineering/eecs/pdf/professional-ms-ai-worksheet.pdf,https://www.fau.edu/engineering/eecs/graduate/professional-programs/professional-ms-ai/,DepCourseInfo\downloaded_forms_and_worksheets\professional-ms-ai-worksheet.pdf,
program_or_advising_worksheet,Program Worksheet,https://www.fau.edu/engineering/eecs/pdf/professional-ms-cs-worksheet.pdf,https://www.fau.edu/engineering/eecs/graduate/professional-programs/professional-masters/,DepCourseInfo\downloaded_forms_and_worksheets\professional-ms-cs-worksheet.pdf,
program_or_advising_worksheet,Program Worksheet AIT,https://www.fau.edu/engineering/eecs/pdf/professional-ms-itm-adv-info-tech-concentration-worksheet.pdf,https://www.fau.edu/engineering/eecs/graduate/professional-programs/professional-ms-itm/,DepCourseInfo\downloaded_forms_and_worksheets\professional-ms-itm-adv-info-tech-concentration-worksheet.pdf,
program_or_advising_worksheet,Program Worksheet CSDA,https://www.fau.edu/engineering/eecs/pdf/professional-ms-itm-csda-concentration-worksheet.pdf,https://www.fau.edu/engineering/eecs/graduate/professional-programs/professional-ms-itm/,DepCourseInfo\downloaded_forms_and_worksheets\professional-ms-itm-csda-concentration-worksheet.pdf,
certificate_or_minor,Certificate Application,https://www.fau.edu/engineering/eecs/pdf/professional-ai-certificate-program-application.pdf,https://www.fau.edu/engineering/eecs/graduate/professional-programs/professional-certificate-ai/,DepCourseInfo\downloaded_forms_and_worksheets\professional-ai-certificate-program-application.pdf,
program_or_advising_worksheet,Advising Worksheet,https://www.fau.edu/engineering/eecs/pdf/professional-certificate-ai-worksheet.pdf,https://www.fau.edu/engineering/eecs/graduate/professional-programs/professional-certificate-ai/,DepCourseInfo\downloaded_forms_and_worksheets\professional-certificate-ai-worksheet.pdf,
certificate_or_minor,Certificate Application,https://www.fau.edu/engineering/eecs/pdf/professional-certificate-big-data-analytics-application.pdf,https://www.fau.edu/engineering/eecs/graduate/professional-programs/professional-certificate-big-data-analytics,DepCourseInfo\downloaded_forms_and_worksheets\professional-certificate-big-data-analytics-application.pdf,
program_or_advising_worksheet,Advising Worksheet,https://www.fau.edu/engineering/eecs/pdf/professional-certificate-big-data-analytics-worksheet.pdf,https://www.fau.edu/engineering/eecs/graduate/professional-programs/professional-certificate-big-data-analytics,DepCourseInfo\downloaded_forms_and_worksheets\professional-certificate-big-data-analytics-worksheet.pdf,
certificate_or_minor,Certificate Application,https://www.fau.edu/engineering/eecs/pdf/professional-certificate-energy-resilience-application.pdf,https://www.fau.edu/engineering/eecs/graduate/professional-programs/professional-certificate-energy-resilience,DepCourseInfo\downloaded_forms_and_worksheets\professional-certificate-energy-resilience-application.pdf,
program_or_advising_worksheet,Advising Worksheet,https://www.fau.edu/engineering/eecs/pdf/professional-certificate-energy-resilience-worksheet.pdf,https://www.fau.edu/engineering/eecs/graduate/professional-programs/professional-certificate-energy-resilience,DepCourseInfo\downloaded_forms_and_worksheets\professional-certificate-energy-resilience-worksheet.pdf,
certificate_or_minor,Certificate Application,https://www.fau.edu/engineering/eecs/pdf/professional-certificate-big-data-analytics-application.pdf,https://www.fau.edu/engineering/eecs/graduate/professional-programs/professional-certificate-big-data-analytics/,DepCourseInfo\downloaded_forms_and_worksheets\professional-certificate-big-data-analytics-application.pdf,
program_or_advising_worksheet,Advising Worksheet,https://www.fau.edu/engineering/eecs/pdf/professional-certificate-big-data-analytics-worksheet.pdf,https://www.fau.edu/engineering/eecs/graduate/professional-programs/professional-certificate-big-data-analytics/,DepCourseInfo\downloaded_forms_and_worksheets\professional-certificate-big-data-analytics-worksheet.pdf,
program_or_advising_worksheet,Program Worksheet- for students who started in spring 2025 or earlier,https://www.fau.edu/engineering/eecs/pdf/ms-in-artificial-intelligence-program-6-2025.pdf,https://www.fau.edu/engineering/eecs/graduate/ms/artificial-intelligence/index.php,DepCourseInfo\downloaded_forms_and_worksheets\ms-in-artificial-intelligence-program-6-2025.pdf,
program_or_advising_worksheet,Program Worksheet-for students who started in Summer 2025 or later,https://www.fau.edu/engineering/eecs/pdf/ms--arin-worksheet.pdf,https://www.fau.edu/engineering/eecs/graduate/ms/artificial-intelligence/index.php,DepCourseInfo\downloaded_forms_and_worksheets\ms--arin-worksheet.pdf,
program_or_advising_worksheet,M.S. In Computer Engineering with a Minor In Business Worksheet,https://www.fau.edu/engineering/eecs/graduate/ms/business-minor/pdf/ms-computer-engineering-with-minor-in-business-worksheet.pdf,https://www.fau.edu/engineering/eecs/graduate/ms/business-minor/,DepCourseInfo\downloaded_forms_and_worksheets\ms-computer-engineering-with-minor-in-business-worksheet.pdf,
program_or_advising_worksheet,M.S. In Computer Science with a Minor In Business Worksheet,https://www.fau.edu/engineering/eecs/graduate/ms/business-minor/pdf/ms-computer-science-with-minor-in-business-worksheet.pdf,https://www.fau.edu/engineering/eecs/graduate/ms/business-minor/,DepCourseInfo\downloaded_forms_and_worksheets\ms-computer-science-with-minor-in-business-worksheet.pdf,
program_or_advising_worksheet,M.S. In Electrical Engineering with a Minor In Business Worksheet,https://www.fau.edu/engineering/eecs/graduate/ms/business-minor/pdf/ms-electrical-engineering-with-minor-in-business-worksheet.pdf,https://www.fau.edu/engineering/eecs/graduate/ms/business-minor/,DepCourseInfo\downloaded_forms_and_worksheets\ms-electrical-engineering-with-minor-in-business-worksheet.pdf,
program_or_advising_worksheet,Program Worksheet- for students who started in spring 2025 or earlier,https://www.fau.edu/engineering/eecs/pdf/ms-in-artificial-intelligence-program-6-2025.pdf,https://www.fau.edu/engineering/eecs/graduate/ms/artificial-intelligence/admiss-reqs/,DepCourseInfo\downloaded_forms_and_worksheets\ms-in-artificial-intelligence-program-6-2025.pdf,
program_or_advising_worksheet,Program Worksheet-for students who started in Summer 2025 or later,https://www.fau.edu/engineering/eecs/pdf/ms--arin-worksheet.pdf,https://www.fau.edu/engineering/eecs/graduate/ms/artificial-intelligence/admiss-reqs/,DepCourseInfo\downloaded_forms_and_worksheets\ms--arin-worksheet.pdf,
program_or_advising_worksheet,Program Worksheet- for students who started in spring 2025 or earlier,https://www.fau.edu/engineering/eecs/pdf/ms-in-artificial-intelligence-program-6-2025.pdf,https://www.fau.edu/engineering/eecs/graduate/ms/artificial-intelligence/degree-reqs/,DepCourseInfo\downloaded_forms_and_worksheets\ms-in-artificial-intelligence-program-6-2025.pdf,
program_or_advising_worksheet,Program Worksheet-for students who started in Summer 2025 or later,https://www.fau.edu/engineering/eecs/pdf/ms--arin-worksheet.pdf,https://www.fau.edu/engineering/eecs/graduate/ms/artificial-intelligence/degree-reqs/,DepCourseInfo\downloaded_forms_and_worksheets\ms--arin-worksheet.pdf,
program_or_advising_worksheet,MS-PhD Program Worksheet,https://www.fau.edu/engineering/eecs/pdf/msto-phd-computer-engineering-worksheet12.09.2025.pdf,https://www.fau.edu/engineering/eecs/graduate/phd/computer-engineering/admiss-reqs/,DepCourseInfo\downloaded_forms_and_worksheets\msto-phd-computer-engineering-worksheet12.09.2025.pdf,
program_or_advising_worksheet,BS-PhD Program Worksheet,https://www.fau.edu/engineering/eecs/pdf/bs-phd-computer-engineering-worksheet-12.09.2025.pdf,https://www.fau.edu/engineering/eecs/graduate/phd/computer-engineering/admiss-reqs/,DepCourseInfo\downloaded_forms_and_worksheets\bs-phd-computer-engineering-worksheet-12.09.2025.pdf,
program_or_advising_worksheet,MS-PhD Program Worksheet,https://www.fau.edu/engineering/eecs/pdf/msto-phd-computer-engineering-worksheet12.09.2025.pdf,https://www.fau.edu/engineering/eecs/graduate/phd/computer-engineering/degree-reqs/,DepCourseInfo\downloaded_forms_and_worksheets\msto-phd-computer-engineering-worksheet12.09.2025.pdf,
program_or_advising_worksheet,BS-PhD Program Worksheet,https://www.fau.edu/engineering/eecs/pdf/bs-phd-computer-engineering-worksheet-12.09.2025.pdf,https://www.fau.edu/engineering/eecs/graduate/phd/computer-engineering/degree-reqs/,DepCourseInfo\downloaded_forms_and_worksheets\bs-phd-computer-engineering-worksheet-12.09.2025.pdf,
form_or_application,Candidacy Exam Application Form,https://www.fau.edu/engineering/eecs/pdf/ce-application-form.pdf,https://www.fau.edu/engineering/eecs/graduate/phd/ce/,DepCourseInfo\downloaded_forms_and_worksheets\ce-application-form.pdf,
program_or_advising_worksheet,Advising Worksheet,https://www.fau.edu/engineering/eecs/pdf/artificial-intelligence-cert-program-worksheet.pdf,https://www.fau.edu/engineering/eecs/graduate/certificates/artificial-intelligence/admiss/,DepCourseInfo\downloaded_forms_and_worksheets\artificial-intelligence-cert-program-worksheet.pdf,
certificate_or_minor,Artificial Intelligence Certificate Program Application (pdf),https://www.fau.edu/engineering/eecs/pdf/certificate-artificial--intelligence-program-application.pdf,https://www.fau.edu/engineering/eecs/graduate/certificates/artificial-intelligence/admiss/,DepCourseInfo\downloaded_forms_and_worksheets\certificate-artificial--intelligence-program-application.pdf,
other_relevant_resource,document,https://www.fau.edu/engineering/eecs/pdf/professional-proposal-layout.pdf,https://www.fau.edu/engineering/eecs/graduate/professional-programs/professional-phd/dissertation-info/,DepCourseInfo\downloaded_forms_and_worksheets\professional-proposal-layout.pdf,
program_or_advising_worksheet,Program Worksheet,https://www.fau.edu/engineering/eecs/pdf/professional-ms-ai-worksheet.pdf,https://www.fau.edu/engineering/eecs/graduate/professional-programs/professional-ms-ai/information-sessions/,DepCourseInfo\downloaded_forms_and_worksheets\professional-ms-ai-worksheet.pdf,
program_or_advising_worksheet,Program Worksheet,https://www.fau.edu/engineering/eecs/pdf/professional-ms-cs-worksheet.pdf,https://www.fau.edu/engineering/eecs/graduate/professional-programs/professional-masters/information-sessions/,DepCourseInfo\downloaded_forms_and_worksheets\professional-ms-cs-worksheet.pdf,
program_or_advising_worksheet,Program Worksheet AIT,https://www.fau.edu/engineering/eecs/pdf/professional-ms-itm-adv-info-tech-concentration-worksheet.pdf,https://www.fau.edu/engineering/eecs/graduate/professional-programs/professional-ms-itm/information-sessions/,DepCourseInfo\downloaded_forms_and_worksheets\professional-ms-itm-adv-info-tech-concentration-worksheet.pdf,
program_or_advising_worksheet,Program Worksheet CSDA,https://www.fau.edu/engineering/eecs/pdf/professional-ms-itm-csda-concentration-worksheet.pdf,https://www.fau.edu/engineering/eecs/graduate/professional-programs/professional-ms-itm/information-sessions/,DepCourseInfo\downloaded_forms_and_worksheets\professional-ms-itm-csda-concentration-worksheet.pdf,
certificate_or_minor,Certificate Application,https://www.fau.edu/engineering/eecs/pdf/professional-certificate-energy-resilience-application.pdf,https://www.fau.edu/engineering/eecs/graduate/professional-programs/professional-certificate-energy-resilience/,DepCourseInfo\downloaded_forms_and_worksheets\professional-certificate-energy-resilience-application.pdf,
program_or_advising_worksheet,Advising Worksheet,https://www.fau.edu/engineering/eecs/pdf/professional-certificate-energy-resilience-worksheet.pdf,https://www.fau.edu/engineering/eecs/graduate/professional-programs/professional-certificate-energy-resilience/,DepCourseInfo\downloaded_forms_and_worksheets\professional-certificate-energy-resilience-worksheet.pdf,
